CATEGORY	DATE	TITLE	COUNT
EVs	2023-04-20	Ordered a mobile charger from Tesla and it appears to be used upon unboxing it	1
EVs	2023-04-20	TeSLA HaS PrEmIuM MaRgInS	1
EVs	2023-04-20	Tesla Watch.	1
EVs	2023-04-20	This ones for all the regards claiming Teslas premium margins justify its valuation	1
EVs	2023-04-20	Stocks making the biggest moves midday: Tesla, IBM, American Express, AT & ;T and more	1
EVs	2023-04-20	Kzel harmadval cskkent idn az egyik Tesla ra	1
EVs	2023-04-20	H: Q50vhc15vc Tesla. W: fixer/railway/handmade offers	1
EVs	2023-04-20	[Top Stories] - Stocks making the biggest moves midday: Tesla, IBM, American Express, AT & ;T and more | NBC	1
EVs	2023-04-20	Besides Elon Musk, what do Tesla and SpaceX have in common?	1
EVs	2023-04-20	*EID GIFT of QH of US$21000 to park in The Boring Company Bitcoin Wallet to EARN One Million PGCs and serve as Director of SAMS TESLA Inc to get FDI for $10 Billion for SAMS AMU TESLA GIGAFACTORY CAMPUS TOWN* *1_10_1444* *Email CV to samstesla@gmail to own TESLA HOME	1
EVs	2023-04-20	Tesla stock is egregiously overvalued: Analyst	1
EVs	2023-04-20	Remote: Tesla Work from Home Jobs (Sales, Customer Support Part Time and FT)	1
EVs	2023-04-20	How totaled is my car? Srsly tho, whats your experience with mild body work and Tesla insurance?	1
EVs	2023-04-20	[Top Stories] - Stocks making the biggest moves midday: Tesla, IBM, American Express, AT & ;T and more	1
EVs	2023-04-20	New Tesla Feature	1
EVs	2023-04-20	We added new historical heroes to our roguelike (Cleopatra, Nero, Tesla, Lincoln - gameplay in video): looking for suggestions on who we should add next	1
EVs	2023-04-20	Why are EVs selling for $5k-$10k above msrp	1
EVs	2023-04-20	Cybertruck is Coming This Year! | TSLA Q1 2023 Earnings Call Recap	1
