Health,Novak Djokovic to miss Miami Open over vaccine status
Health,Novak Djokovic to miss Miami Open over vaccine status
Health,"ATP Miami: Djokovic, non-vaccin, ne peut toujours pas se rendre aux USA"
Health,Tennis: Djokovic ne jouera pas non plus  Miami
Health,Singapore first country in Asia to get new pneumococcal vaccine
Health,Novak Djokovic will miss Miami Open over COVID-19 vaccine status after being denied exemption
Health,"Tennis-Djokovic to miss Miami Open over vaccine status, tournament director says"
Health,"Djokovic to miss Miami Open over vaccine status, tournament director says"
Health,Burundi officials detect polio outbreak linked to vaccine
Health,Burundi officials detect polio outbreak linked to vaccine
Health,Novak Djokovic to miss Miami Open over vaccine status
Health,Novak Djokovic to miss Miami Open over vaccine status
Health,Singapore first country in Asia to get new pneumococcal vaccine
Health,Novak Djokovic will miss Miami Open over COVID-19 vaccine status after being denied exemption
Health,"Tennis-Djokovic to miss Miami Open over vaccine status, tournament director says"
Health,"Djokovic to miss Miami Open over vaccine status, tournament director says"
Health,Burundi officials detect polio outbreak linked to vaccine
Health,Burundi officials detect polio outbreak linked to vaccine
Health,Anti-Omicron antibodies are induced by hypermutation with ancestral BNT162b2 COVID vaccine
Health,Ipsilateral vaccination improves response to second dose of COVID-19 vaccine
Health,Novak Djokovic to miss Miami Open over vaccine status
Health,Novak Djokovic to miss Miami Open over vaccine status
Health,Singapore first country in Asia to get new pneumococcal vaccine
Health,Novak Djokovic will miss Miami Open over COVID-19 vaccine status after being denied exemption
Health,"Tennis-Djokovic to miss Miami Open over vaccine status, tournament director says"
Health,"Djokovic to miss Miami Open over vaccine status, tournament director says"
Health,Burundi officials detect polio outbreak linked to vaccine
Health,Burundi officials detect polio outbreak linked to vaccine
Health,Anti-Omicron antibodies are induced by hypermutation with ancestral BNT162b2 COVID vaccine
Health,Ipsilateral vaccination improves response to second dose of COVID-19 vaccine
