post_id,title,publish_date
11fawq5,"Will there ever be viable lending and borrowing, using only Bitcoin as the currency involved? If so, how would that be possible and how could it work, given the implied future deflation of the currency.",2023-03-01 23:44:52
11fapn6,"üá∫üá∏ Blackhawk, one of the world‚Äôs largest payment providers, will offer Bitcoin gift cards at US retailers üôå",2023-03-01 23:37:24
11f92vz,My friend telling me about bitcoin when it was $5. Holy crap indeed my friend.,2023-03-01 22:34:33
11f92pw,Buying Bitcoin,2023-03-01 22:34:21
11f7z4w,412 Bitcoin ATM machines went off the grid in 2023 - Investor Bites,2023-03-01 21:51:14
11f7t8j,The Flippening: the battle between Bitcoin and Ethereum for the throne,2023-03-01 21:44:56
11f6jje,"Bitcoin hacked, how can I get back my coins?",2023-03-01 20:55:01
11f5xdo,The Future of Bitcoin Banking with Eric Yakes ‚Äî What Bitcoin Did,2023-03-01 20:30:38
11f5wnb,A Central Bank Ponzi Blowing Up: Hyperinflation and the rise of Bitcoin in Lebanon,2023-03-01 20:29:56
11f5ant,Living on Bitcoin,2023-03-01 20:04:12
11f4ty8,"SaylorWaves, 1 Hour of Relaxing Michael Saylor speaking about Bitcoin",2023-03-01 19:44:46
11f47z9,"Bitcoin (BTC) Swings High and Low in February, Ending the Month on a Flat Note",2023-03-01 19:18:38
11f24fm,[technical] Understanding Bitcoin Miniscript - Part II - What is Miniscript?,2023-03-01 17:37:52
11f1p6k,Apparently the CFTC has considered Bitcoin and 'Other' Cryptocurrencies a commodity for more than 2 years. Apparently the SEC and CFTC can hold opposing views for years and thats acceptable?,2023-03-01 17:16:21
11f0yof,Are we ready for QE yet? #bitcoin,2023-03-01 16:35:13
11f0igl,"The low timeframe trading zone around 23500 is a solid one, bulls and bears are involve in some serious street-to-street urban warfare in this region. 3-day candle closes today, shall we adjust the bullish Bitcoin allocation?",2023-03-01 16:08:10
11f0d68,"How can I buy Bitcoin/Bitcoin cash, with a prepaid visa gift card??? No I.D. please üòì",2023-03-01 15:59:05
11ezxxj,Did the inventor of Bitcoin star in a western with Charles Bronson?? Credits: Red Sun,2023-03-01 15:32:46
11ezore,"Don‚Äôt Make This Mistake With Bitcoin, It Will Cost You a Lot of Money and Time. Sooner or later you will leave the noise behind and focus on the real signal, so why waste your time?",2023-03-01 15:17:06
11ez8op,"""Effective Altruism"" - Multi-National fund utilize BlockChain Digital-Art as something more than just a speculative asset. ""Improving the world while providing a great investment is certainly an attractive proposition"" -C2News bitcoin latest",2023-03-01 14:49:00
11ez1va,Students in El Salvador are studying #Bitcoin,2023-03-01 14:36:52
11eyg7r,Bitcoin Price Prediction - Why Retaking $24k Will be a Battle if Wednesday's US Data is Strong,2023-03-01 13:57:33
11eybhr,How Crypto Newbies Are Reacting to This... #crypto #bitcoin #shorts,2023-03-01 13:48:52
11euljz,"I think governments all around the world, soon or late will start accumulating Bitcoin thru ""non-paying methods"", like in Temporary or Permanent exchange to Residency or Citizenship privilege for foreigners.",2023-03-01 10:20:25
11eujym,"I think governments all around the world, soon or late will start to accumulate Bitcoin thru ""non-paying methods"", like in Temporary or Permanent exchange to presidency or citizenship privilege for foreigners.",2023-03-01 10:18:07
11esx2x,Does it make sense to hold a significant amount of Bitcoin in self-custody for someone else if the point is to make it inaccessible to them?,2023-03-01 08:57:19
11eric1,Bitcoin Energy Summit who‚Äôs going?,2023-03-01 07:52:15
11eqvup,Some pretty solid #Bitcoin Poems in this thread...,2023-03-01 07:23:47
11equbi,What Is Your Best Steelman Argument for Ordinals on Bitcoin?,2023-03-01 07:21:47
11eqc8a,What is the best storage for bitcoin?,2023-03-01 06:58:54
11epbge,"Changed my mind about non fangible tokens, and got my first. Getting rich and making the world a better place at the same time, humbling! but i still dont like them being on bitcoin",2023-03-01 06:14:09
11epaxy,"not a fan of bitcoin ordinals, and what taproot has brought, but changed my mind about NTFs, and minted my first. Getting rich and making the world a better place at the same time, humbling!",2023-03-01 06:13:28
11eodsu,SEC Chairman Gary Gensler is a Bitcoin Maximalist?!,2023-03-01 05:33:21
11enabj,"""Bitcoin is too complicated for grandma""",2023-03-01 04:47:45
11en5cd,Idea for a Bitcoin credit card service. Is there anything like this?,2023-03-01 04:42:02
11ejgnl,Bitcoin Food Vendor in El Salvador üëÄ,2023-03-01 02:18:13
11ei3m8,Highest German fiscal court declares bitcoin as taxable,2023-03-01 01:24:22
11eh4wg,"Representative Tom Emmers just held a press conference to warn the public about CBDCs. We ALL need to support this, and inform those listening that Bitcoin is the only alternative to CBDCs and therefore means Freedom.",2023-03-01 00:46:23
11eh1fb,What is the most important thing that Bitcoin fixes?,2023-03-01 00:42:34
11egsh1,BIG NEWS: The Reason Why Bitcoin Will Explode in 2023!,2023-03-01 00:32:39
11egiz2,The Reason Why Bitcoin Will Explode in 2023!,2023-03-01 00:22:28
11eg5nn,r/BitcoinF30 to make new friends.,2023-03-01 00:07:47
11g8na8,Is AI poised to make use of Bitcoin?,2023-03-02 23:04:11
11g7eea,What is the Reason we Love Bitcoin?,2023-03-02 22:14:41
11g7963,"Xapo Bank Integrates Bitcoin‚Äôs Lightning Network, Partners with Lightspark",2023-03-02 22:08:48
11g78s6,New to Bitcoin. Anyone ever heard of this?,2023-03-02 22:08:21
11g6wm5,"Jack Dorsey's TBD launches Bitcoin infrastructure unit dedicated ""to make the Lightning Network more usable and reliable"" Source&gt;&gt; Coindesk",2023-03-02 21:54:39
11g6p9n,"Northern Lighting 2023 ‚ö° Bitcoin Conference &amp; Rave w/ Svanholm, Zucco, Todd, Hodlonaut, Dale",2023-03-02 21:46:21
11g5kel,Have some academic questions about Bitcoin mining,2023-03-02 21:00:55
11g5663,Have you guys checked Bitcoin Maxi News?,2023-03-02 20:44:30
11g54rk,Sending Bitcoin without Internet?,2023-03-02 20:42:36
11g4t9y,"Bitcoin, best platform or exchange to purchase and/or remove to cold storage.",2023-03-02 20:29:13
11g4swu,The absolutely perfect use case for running Bitcoin. Brits generating excess energy via wind.,2023-03-02 20:28:47
11g4s7e,How To Earn Free Bitcoin (BTC) ‚Äî EarnBitcoin.Net Withdraw Proof,2023-03-02 20:27:56
11g45ll,Dubai economic free zone to invest an extra $5 million into becoming a global Bitcoin and crypto hub,2023-03-02 20:00:08
11g4527,Bitcoin Games,2023-03-02 19:59:28
11g3qxn,How To Increase The Price Of Bitcoin,2023-03-02 19:41:49
11g2zf5,TwelveFold: Bitcoin's generative collection of unique pieces on blockchain,2023-03-02 19:07:46
11g2t84,A Bitcoin ETF?,2023-03-02 18:59:56
11g2m7p,How to Reduce Bitcoin Mining Costs: Tips and Strategies,2023-03-02 18:50:31
11g1z8q,Bitcoin fixes this,2023-03-02 18:19:54
11g1xcp,Is an empty Exodus Bitcoin wallet compatible with ords?,2023-03-02 18:17:11
11g1un7,Bitcoin's effect on presidential approval ratings,2023-03-02 18:13:27
11g1h1m,Bitcoin's effect on presidential approval ratings,2023-03-02 17:54:14
11g0imr,Bitcoin ETF,2023-03-02 17:01:40
11fz4sk,"Bitcoin Lightning workshop at NIT University in Puducherry, India",2023-03-02 15:37:43
11fysxe,The cool CEO looking for the best Bitcoin deals.,2023-03-02 15:18:03
11fy90x,Buy a pure silver bitcoin coin,2023-03-02 14:44:51
11fvw1x,Pleb Miner Month EP 3 - How bitcoin miners and pool operators look at Ordinals and other bitcoin statistics,2023-03-02 12:30:15
11fvdo5,"almost as exciting as bitcoin, Symbiogenesis by Square Enix",2023-03-02 12:02:43
11fvcvt,"Symbiogenesis by Square Enix, 'the first real fun ive had in crypto' claims Pomp, bitcoin proponent",2023-03-02 12:01:38
11fv9lq,"Symbiogenesis, Crypto based game by Square Enix, begins Whitelisting Process, with launch slated for Spring 2023. ""its not Bitcoin, but it might be fun""",2023-03-02 11:56:50
11furtc,I asked ChatGPT about Bitcoin fungibility and XMR fungibility. Interesting answer.,2023-03-02 11:31:35
11fthvf,Bitcoin e o IR brasileiro,2023-03-02 10:28:23
11ft45q,"U.S. Senate on March 1, 2023 passed a disapproval resolution, formally nixed a Biden admin Department of Labor rule that encouraged private retirement plan fiduciaries to consider ESG factors when making investment decisions. The rule would have kept many FIs from adopting bitcoin.",2023-03-02 10:09:38
11fpu8v,what is bitcoin beach brazil? A podcast,2023-03-02 07:44:07
11fptl1,Best Bitcoin Apparel Store üëç,2023-03-02 07:43:19
11foz6d,Where to purchase virtual credit card with bitcoin?,2023-03-02 07:08:07
11fol99,what is your favorite bitcoin experience?,2023-03-02 06:52:31
11fofk5,Bitcoin money https://share.earnease.co/T3ddygram914,2023-03-02 06:45:59
11fo2o7,How to set up a bitcoin inheritance plan (Great video!),2023-03-02 06:31:03
11fnjn6,My first real world defi transaction using Bitcoin,2023-03-02 06:08:41
11fnhfk,Bitcoin- Decentralized... Peer-to-Peer... Electronic Cash. üôÇüôÇüôÇ,2023-03-02 06:05:59
11flqph,Bitcoin Story Time,2023-03-02 04:54:47
11flkrl,When it comes to marketing for bitcoin companies - what do you wish they did better?,2023-03-02 04:48:19
11flhcx,What do you wish bitcoin companies did better with their marketing?,2023-03-02 04:44:39
11fl1yc,Did you know you can send Bitcoin without Internet? (I didn‚Äôt lol),2023-03-02 04:28:31
11ffzb1,Twitter Spaces Event: Self-Custodial Bitcoin Escrow with DLCs üì£,2023-03-02 01:33:24
11ffsdn,"Someone sold a poop emoji ordinal nft (Bitcoin ordinal) for $28,000 today:",2023-03-02 01:29:46
11fd7yq,Lebanon another Domino to Fall in the Unstoppable Wave of Bitcoin Adoption,2023-03-02 00:40:45
11fd0ja,Logium V1: The Simple Way to Profit From Crypto Betting ‚Äì Sponsored Bitcoin News,2023-03-02 00:36:57
11fbb6m,Bitcoin as a way to preserve weath across lifetimes,2023-03-02 00:00:04
11i97lh,Is Bitcoin even decentralized?,2023-03-04 23:59:38
11i8oqq,#bitcoin is repeating the past,2023-03-04 23:39:27
11i8h0b,Bitcoin is Property,2023-03-04 23:31:36
11i7tlb,99% of people wont know a thing about bitcoin or lightning and they wont need to.,2023-03-04 23:09:14
11i7p1v,We are still in the early stages...went to my local bookstore and not one book on bitcoin.,2023-03-04 23:05:15
11i6val,Most secure way of storing your bitcoin,2023-03-04 22:44:35
11i6p28,The Potential Scenarios for Bitcoin in 2023 According to the Classic Four-Year Cycle,2023-03-04 22:41:03
11i6bbu,Horowitz: South Dakota and other red states are about to ban Bitcoin as legal money and grease the skids for CBDC,2023-03-04 22:33:49
11i4vk0,jack Dorsey on Bitcoin,2023-03-04 22:06:28
11i2a8u,bitcoin,2023-03-04 21:14:48
11i24gu,Need 0.005 Bitcoin (see text bellow),2023-03-04 21:08:19
11i1wrs,Verifying a PayPal account with a virtual Bitcoin debit card in 2023?,2023-03-04 20:59:39
11i1w45,Why Bitcoin?,2023-03-04 20:58:53
11i0f8e,BItcoin's Supply Schedule Down to the Last Sat,2023-03-04 19:57:18
11i0f2f,Alternatives to Bitcoin Core,2023-03-04 19:57:06
11hzwfp,PROMOTION AD FOR BITCOIN / ANUNCIO DE PROMOCION PARA BITCOIN,2023-03-04 19:34:14
11hz2u7,This bitcoin joint currently stands at 4.8M members and there are about 6.3K people online right now. Please üôè give me date /time estimate 1) how long till we hit 21M members? 2) how long untill we may see 21M live lurkers?,2023-03-04 18:55:14
11hywy6,The current updated scenario for Bitcoin,2023-03-04 18:46:31
11hyvjc,Need 3000 sats to reach 1 bitcoin,2023-03-04 18:44:33
11hyc60,"I asked ChatGPT to predict the price of Bitcoin on Jan 1, 2024",2023-03-04 18:14:56
11hxnjh,Ensuring Financial Stability Across Lifetimes: The Hypothetical Concept of Bitcoin Wallets and Reincarnation,2023-03-04 17:33:25
11hxcyf,Jack Dorsey has set a 1 billion sats (10 bitcoin) bounty for a permissionless alternative to GitHub based on Nostr,2023-03-04 17:15:14
11hvei8,Bitcoin mystery revealed ! Evolution of original crypto,2023-03-04 15:16:09
11huwf1,Why you should own Bitcoin.,2023-03-04 14:45:12
11htg31,Who is Satoshi Nakamoto: Uncovering the Mysterious Story of Bitcoin Creator!,2023-03-04 13:22:54
11htfh1,How are Gareth Soloway's views and prediction on Bitcoin market,2023-03-04 13:21:56
11hsutd,Bitcoin my new loverüòé,2023-03-04 12:50:46
11hryb0,Defi on Bitcoin,2023-03-04 12:02:47
11hrp5w,SatoshiChain is an EVM-compatible blockchain that aims to complement the original Bitcoin cryptocurrency,2023-03-04 11:49:54
11hof90,"Something big happened, Musk is no longer interested in Bitcoin and now he is more interested in AI. Is it true that AI beauties are more beautiful, so they are more sexually interesting? You can weakly ask a question: Is Mark‚Äôs Dogecoin still kept?üíªüëÄüå≠ #binancefeed #BTC",2023-03-04 09:10:08
11hn818,"Paying with Bitcoin on Boracay Island, Philippines",2023-03-04 08:14:59
11hkz98,Looking for translators that accept Bitcoin,2023-03-04 06:34:22
11hjnuf,r/Bitcoin Perfect gift or home decor -&gt; Handmade lionshands art,2023-03-04 05:39:02
11hhzk2,Bitcoin N-F-T's,2023-03-04 04:32:47
11hhay8,George Soros Shorts &amp; Silvergate Collapses | Bitcoin vs. The Banks,2023-03-04 04:05:51
11hg55w,Could the decline in Bitcoin be related to the approval of France's new law?,2023-03-04 03:21:58
11hg0c6,"bitcoin may be down, but this seems pretty exciting",2023-03-04 03:17:04
11hfyat,"bitcoin is down, but cheer up, this is potentially exciting right here",2023-03-04 03:14:58
11hfxa4,"Bitcoin may be down, but this is potentially promising...",2023-03-04 03:13:49
11heibn,What happens if I accept bitcoin as payment for a business and price drops?,2023-03-04 02:20:42
11hdw5s,Bitcoin investment platform,2023-03-04 01:57:32
11hdm85,German üá©üá™ local news station reports on the benefits of #bitcoin for sustainable energy development and grid stabilization ‚òÄÔ∏è - Documenting Bitcoin read the article story here,2023-03-04 01:47:18
11hcqgx,Need help with wallet and where to buy Bitcoin,2023-03-04 01:13:12
11hcmq3,"Sending Bitcoin over ham radio and via satellite! Found old article that‚Äôs very interesting for working around some challenges depending on where you live, and privacy concerns‚Ä¶",2023-03-04 01:09:11
11j4qh7,A.I. can now predict bitcoin price!!?,2023-03-05 23:18:00
11j42oa,Bitcoin Circulating Supply on Exchanges is Under 12%,2023-03-05 23:05:20
11j3czy,Unpopular Opinion: Bitcoin advocates are missing opportunities by pitching Bitcoin and Gold advocacy as being Mutually Exclusive,2023-03-05 22:52:13
11j14j1,BITCOIN DONATION,2023-03-05 21:54:31
11j0xsu,Disconnect between Wall Street and #bitcoin with Greg Foss #wallstreet #btc,2023-03-05 21:47:31
11izz1f,Does Silvergate pose a threat to the crypto market? Bank shares' sharp decline affects Bitcoin's valuation! - Blockbulletin,2023-03-05 21:08:51
11iyucs,Help finding a Bitcoin podcast,2023-03-05 20:18:22
11iybqc,Bitcoin sets you free,2023-03-05 19:53:44
11iybas,"SLP463 Bitcoin Transaction Pinning, ANYPREVOUT &amp; eltoo with Greg Sanders (Instagibbs)",2023-03-05 19:53:07
11ix45b,Bitcoin Year-Over-Year Candles (Video),2023-03-05 18:56:41
11iwm0m,Will the Media Ever Admit They're Wrong About Bitcoin? Probably Not...,2023-03-05 18:31:10
11iwihs,Last night I tried purchasing something with bitcoin and the merchant made me wait over 40 minutes to confirm the transaction. What went wrong?,2023-03-05 18:26:14
11iwhrf,Last night I tried purchasing something with bitcoin and the merchant made me wait over 40 minutes to confirm the transaction. What went wrong?,2023-03-05 18:25:12
11iwess,how long until bitcoin is the worlds reference currency?,2023-03-05 18:20:55
11iw572,Inscriptions (Ordinals/Bitcoin NFTs) Telegram and Discord explorers + simple detailed explanation!,2023-03-05 18:06:44
11isgvw,Question about Bitcoin,2023-03-05 14:35:17
11iqm16,Understanding Bitcoin!,2023-03-05 12:46:21
11iplry,"is this the best time to be stacking bitcoin? yes, and it might be the last chance to accumulate.",2023-03-05 11:49:50
11inoxy,"Streetcab seshjack, a Bitcoin-friendly crypto-cyberpunk novella [self-promotion]",2023-03-05 10:09:43
11imkvf,Strike App: Anyone had this happen to them with a long time pending bitcoin received payment?,2023-03-05 09:15:27
11ilrg6,"UAE free zone to explore Bitcoin payments for services, lawyer says - Finance Daily",2023-03-05 08:36:36
11ilhgk,r/Bitcoin mods are you actively suppressing?,2023-03-05 08:23:45
11iipbr,Why Bisq is the best P2P Bitcoin exchange,2023-03-05 06:18:14
11ii5sv,Bitcoin life in St Maarten,2023-03-05 05:54:55
11ih1e6,Biden Buys the Bitcoin Dip,2023-03-05 05:08:05
11iff50,US States Banning Bitcoin as Money?!,2023-03-05 04:02:06
11id1jt,"It's easier to like Bitcoin when your national currency biggest banknote was 1,000,000 and months later it was ""converted"" to 1 and now it's worth only 0.04 USD. The country is Venezuela and the national currency is Bs (Bolivares).",2023-03-05 02:28:33
11icve4,My dear Bitcoin community your help is needed to fill the survey form. No name and mail sign in required. Fill the form so that a better analysis can be inferred on Bitcoin. Also forward it as much as you can. A request from Bitcoin enthusiast,2023-03-05 02:21:53
11icnmu,"If you want Bitcoin to succeed, think about running a full node. With every new node the network becomes more decentralized and secure.",2023-03-05 02:13:30
11icmfj,"If you want the Bitcoin to succeed , think about running a full node. With every new node the network becomes more decentralized and secure.",2023-03-05 02:12:09
11iapeb,Crypto Quantum Leap will teach you how to get rich with Bitcoin.,2023-03-05 00:57:57
11iao3g,Michael Saylor - Bitcoin is Infinitely Better Than Gold,2023-03-05 00:56:24
11iag34,The best Bitcoin explanation,2023-03-05 00:47:52
11iad5t,Writing a story in which someone robs a person of Bitcoin. Need advice.,2023-03-05 00:44:47
11i9raj,Cbdc and banning bitcoin,2023-03-05 00:21:09
11i97lh,Is Bitcoin even decentralized?,2023-03-04 23:59:38
11i8oqq,#bitcoin is repeating the past,2023-03-04 23:39:27
11i8h0b,Bitcoin is Property,2023-03-04 23:31:36
11i7tlb,99% of people wont know a thing about bitcoin or lightning and they wont need to.,2023-03-04 23:09:14
11i7p1v,We are still in the early stages...went to my local bookstore and not one book on bitcoin.,2023-03-04 23:05:15
11i6val,Most secure way of storing your bitcoin,2023-03-04 22:44:35
11i6p28,The Potential Scenarios for Bitcoin in 2023 According to the Classic Four-Year Cycle,2023-03-04 22:41:03
11i6bbu,Horowitz: South Dakota and other red states are about to ban Bitcoin as legal money and grease the skids for CBDC,2023-03-04 22:33:49
11i4vk0,jack Dorsey on Bitcoin,2023-03-04 22:06:28
11i2a8u,bitcoin,2023-03-04 21:14:48
11i24gu,Need 0.005 Bitcoin (see text bellow),2023-03-04 21:08:19
11i1wrs,Verifying a PayPal account with a virtual Bitcoin debit card in 2023?,2023-03-04 20:59:39
11i1w45,Why Bitcoin?,2023-03-04 20:58:53
11i0f8e,BItcoin's Supply Schedule Down to the Last Sat,2023-03-04 19:57:18
11i0f2f,Alternatives to Bitcoin Core,2023-03-04 19:57:06
11hzwfp,PROMOTION AD FOR BITCOIN / ANUNCIO DE PROMOCION PARA BITCOIN,2023-03-04 19:34:14
11hz2u7,This bitcoin joint currently stands at 4.8M members and there are about 6.3K people online right now. Please üôè give me date /time estimate 1) how long till we hit 21M members? 2) how long untill we may see 21M live lurkers?,2023-03-04 18:55:14
11hywy6,The current updated scenario for Bitcoin,2023-03-04 18:46:31
11hyvjc,Need 3000 sats to reach 1 bitcoin,2023-03-04 18:44:33
11hyc60,"I asked ChatGPT to predict the price of Bitcoin on Jan 1, 2024",2023-03-04 18:14:56
11hxnjh,Ensuring Financial Stability Across Lifetimes: The Hypothetical Concept of Bitcoin Wallets and Reincarnation,2023-03-04 17:33:25
11hxcyf,Jack Dorsey has set a 1 billion sats (10 bitcoin) bounty for a permissionless alternative to GitHub based on Nostr,2023-03-04 17:15:14
11hvei8,Bitcoin mystery revealed ! Evolution of original crypto,2023-03-04 15:16:09
11huwf1,Why you should own Bitcoin.,2023-03-04 14:45:12
11htg31,Who is Satoshi Nakamoto: Uncovering the Mysterious Story of Bitcoin Creator!,2023-03-04 13:22:54
11htfh1,How are Gareth Soloway's views and prediction on Bitcoin market,2023-03-04 13:21:56
11hsutd,Bitcoin my new loverüòé,2023-03-04 12:50:46
11hryb0,Defi on Bitcoin,2023-03-04 12:02:47
11hrp5w,SatoshiChain is an EVM-compatible blockchain that aims to complement the original Bitcoin cryptocurrency,2023-03-04 11:49:54
11hof90,"Something big happened, Musk is no longer interested in Bitcoin and now he is more interested in AI. Is it true that AI beauties are more beautiful, so they are more sexually interesting? You can weakly ask a question: Is Mark‚Äôs Dogecoin still kept?üíªüëÄüå≠ #binancefeed #BTC",2023-03-04 09:10:08
11hn818,"Paying with Bitcoin on Boracay Island, Philippines",2023-03-04 08:14:59
11hkz98,Looking for translators that accept Bitcoin,2023-03-04 06:34:22
11hjnuf,r/Bitcoin Perfect gift or home decor -&gt; Handmade lionshands art,2023-03-04 05:39:02
11hhzk2,Bitcoin N-F-T's,2023-03-04 04:32:47
11hhay8,George Soros Shorts &amp; Silvergate Collapses | Bitcoin vs. The Banks,2023-03-04 04:05:51
11hg55w,Could the decline in Bitcoin be related to the approval of France's new law?,2023-03-04 03:21:58
11hg0c6,"bitcoin may be down, but this seems pretty exciting",2023-03-04 03:17:04
11hfyat,"bitcoin is down, but cheer up, this is potentially exciting right here",2023-03-04 03:14:58
11hfxa4,"Bitcoin may be down, but this is potentially promising...",2023-03-04 03:13:49
11heibn,What happens if I accept bitcoin as payment for a business and price drops?,2023-03-04 02:20:42
11hdw5s,Bitcoin investment platform,2023-03-04 01:57:32
11hdm85,German üá©üá™ local news station reports on the benefits of #bitcoin for sustainable energy development and grid stabilization ‚òÄÔ∏è - Documenting Bitcoin read the article story here,2023-03-04 01:47:18
11hcqgx,Need help with wallet and where to buy Bitcoin,2023-03-04 01:13:12
11hcmq3,"Sending Bitcoin over ham radio and via satellite! Found old article that‚Äôs very interesting for working around some challenges depending on where you live, and privacy concerns‚Ä¶",2023-03-04 01:09:11
11j6nvv,Bitcoin facts,2023-03-05 23:56:27
11j65ea,"Bitcoin Adoption To Grow 50% By 2025, This Report Claims",2023-03-05 23:45:24
11j5co7,"BITCOIN This Week: Anti CBDC Bill, Jeff Booth, Lightning Adoption &amp; El Salvador with Shooter Bitcoin",2023-03-05 23:30:01
11j4qh7,A.I. can now predict bitcoin price!!?,2023-03-05 23:18:00
11j42oa,Bitcoin Circulating Supply on Exchanges is Under 12%,2023-03-05 23:05:20
11j3czy,Unpopular Opinion: Bitcoin advocates are missing opportunities by pitching Bitcoin and Gold advocacy as being Mutually Exclusive,2023-03-05 22:52:13
11j14j1,BITCOIN DONATION,2023-03-05 21:54:31
11j0xsu,Disconnect between Wall Street and #bitcoin with Greg Foss #wallstreet #btc,2023-03-05 21:47:31
11izz1f,Does Silvergate pose a threat to the crypto market? Bank shares' sharp decline affects Bitcoin's valuation! - Blockbulletin,2023-03-05 21:08:51
11iyucs,Help finding a Bitcoin podcast,2023-03-05 20:18:22
11iybqc,Bitcoin sets you free,2023-03-05 19:53:44
11iybas,"SLP463 Bitcoin Transaction Pinning, ANYPREVOUT &amp; eltoo with Greg Sanders (Instagibbs)",2023-03-05 19:53:07
11ix45b,Bitcoin Year-Over-Year Candles (Video),2023-03-05 18:56:41
11iwm0m,Will the Media Ever Admit They're Wrong About Bitcoin? Probably Not...,2023-03-05 18:31:10
11iwihs,Last night I tried purchasing something with bitcoin and the merchant made me wait over 40 minutes to confirm the transaction. What went wrong?,2023-03-05 18:26:14
11iwhrf,Last night I tried purchasing something with bitcoin and the merchant made me wait over 40 minutes to confirm the transaction. What went wrong?,2023-03-05 18:25:12
11iwess,how long until bitcoin is the worlds reference currency?,2023-03-05 18:20:55
11iw572,Inscriptions (Ordinals/Bitcoin NFTs) Telegram and Discord explorers + simple detailed explanation!,2023-03-05 18:06:44
11isgvw,Question about Bitcoin,2023-03-05 14:35:17
11iqm16,Understanding Bitcoin!,2023-03-05 12:46:21
11iplry,"is this the best time to be stacking bitcoin? yes, and it might be the last chance to accumulate.",2023-03-05 11:49:50
11inoxy,"Streetcab seshjack, a Bitcoin-friendly crypto-cyberpunk novella [self-promotion]",2023-03-05 10:09:43
11imkvf,Strike App: Anyone had this happen to them with a long time pending bitcoin received payment?,2023-03-05 09:15:27
11ilrg6,"UAE free zone to explore Bitcoin payments for services, lawyer says - Finance Daily",2023-03-05 08:36:36
11ilhgk,r/Bitcoin mods are you actively suppressing?,2023-03-05 08:23:45
11iipbr,Why Bisq is the best P2P Bitcoin exchange,2023-03-05 06:18:14
11ii5sv,Bitcoin life in St Maarten,2023-03-05 05:54:55
11ih1e6,Biden Buys the Bitcoin Dip,2023-03-05 05:08:05
11iff50,US States Banning Bitcoin as Money?!,2023-03-05 04:02:06
11id1jt,"It's easier to like Bitcoin when your national currency biggest banknote was 1,000,000 and months later it was ""converted"" to 1 and now it's worth only 0.04 USD. The country is Venezuela and the national currency is Bs (Bolivares).",2023-03-05 02:28:33
11icve4,My dear Bitcoin community your help is needed to fill the survey form. No name and mail sign in required. Fill the form so that a better analysis can be inferred on Bitcoin. Also forward it as much as you can. A request from Bitcoin enthusiast,2023-03-05 02:21:53
11icnmu,"If you want Bitcoin to succeed, think about running a full node. With every new node the network becomes more decentralized and secure.",2023-03-05 02:13:30
11icmfj,"If you want the Bitcoin to succeed , think about running a full node. With every new node the network becomes more decentralized and secure.",2023-03-05 02:12:09
11iapeb,Crypto Quantum Leap will teach you how to get rich with Bitcoin.,2023-03-05 00:57:57
11iao3g,Michael Saylor - Bitcoin is Infinitely Better Than Gold,2023-03-05 00:56:24
11iag34,The best Bitcoin explanation,2023-03-05 00:47:52
11iad5t,Writing a story in which someone robs a person of Bitcoin. Need advice.,2023-03-05 00:44:47
11i9raj,Cbdc and banning bitcoin,2023-03-05 00:21:09
