Health	Recursion Pharmaceuticals is hiring Software Engineer, Storage Platform | Toronto, Ontario Canada [GCP API Kubernetes PostgreSQL Python Kafka Docker Machine Learning Deep Learning Streaming]
Health	Japan Researchers Sue Japanese Government Over Covid Vaccine Cover Up
Health	FlatEarthers believe the Earth to be flat: *so-what*, really!? ... when a large proportion of those who frequent this forum *seriously believe in* 'adjusting' folk to their liking - such as they happen to fancy - with pharmaceutical industry medicament. 'Tis but a trifle that Sauron fancies, innitt.
Health	Recursion Pharmaceuticals is hiring Senior Machine Learning Engineer, ML Platform | Toronto, Ontario Canada [Machine Learning Deep Learning Python Kubernetes Docker GCP]
Health	Charged $249 for a pregnancy test at the hospital
Health	When someone was naturally immune to COVID, and they got fully vaccinated on top, any positive outcome will count to a vaccine success, even if it was due to the natural immunity already there.. I'm sure scientists who are cleverer than me have considered all that!! /s
Health	That's exactly what Hospitals would do...
Health	Recursion Pharmaceuticals is hiring Data Engineer, Data Platforms | Salt Lake, UT US [GCP Machine Learning Python PostgreSQL]
Health	My local hospital has provided a house for a cat that frequently visits
Health	Abandoned hospital in Legnica, Poland. [960x638]
Health	Update on Q mom told me I have cancer because of the vaccine
Health	https://www.linkedin.com/posts/massimo-di-684126235_pharmaceuticals-prefillable-safety-activity-7027460775065616384-BTtn?utm_source=share&amp;utm_medium=member_desktop
Health	MSNBC Host Vossoughian Suffers Myocarditis After Common Cold, Yet Covid-19 Vaccine Claims Spread
Health	Some absolute drongo bloke from my local area unknowingly holds a coastal taipan, often regarded as Australia's most deadly snake. His next post is a selfie of him in hospital.
Health	My wife reported having a sore throat to her boss (hospital) and they sent her for tests before letting her work. Final bill after insurance is $500. Any way to fight it? (USA - Iowa)
Health	Her hair!!! Please show me any other woman after giving birth for real that looks like this. Ive given birth three times to four kids (twins in the mix) and I was a sweaty teary old mess and my hair looked like a birds nest after laying down on a hospital bed for hours.
Health	The recently USDA approved bee vaccine developed by Georgia's Animal Dalan Health offers a new perspective for beeekeepers, but a scientist warns it won't be an overnight solution.
Health	Sharp Grossmont Hospital, San Diego, California goes Union.
Health	Died suddenly posts twist tragedies to push vaccine lies
Health	New Nordic study. 4.8x more cases of post-vaccine myocarditis than post-covid myocarditis. 10x more in 12-24 year olds. 2x as many post-vaccine heart failure diagnoses than post-covid
Health	Recursion Pharmaceuticals is hiring Software Engineer, Storage Platform | Canada Toronto, Ontario [Kubernetes PostgreSQL Machine Learning Python Docker Kafka GCP Deep Learning API Streaming]
Health	Recursion Pharmaceuticals is hiring Software Engineer, Storage Platform | Salt Lake, UT US [GCP Machine Learning Streaming Python Docker Kubernetes Deep Learning API Kafka PostgreSQL]
Health	Pfertilitygate? Could the COVID vaccine be causing mass infertility?
Health	Was in the hospital and drew a little mothman to cheer me up
Health	Gift pt gave me in a psych hospital
Health	Recursion Pharmaceuticals is hiring Senior Machine Learning Engineer, ML Platform | Toronto, Ontario Canada [Python Kubernetes Docker GCP Machine Learning Deep Learning]
Health	How is modafinil for 2 week usage before my exams? I've not really dived into any pharmaceuticals and I've heard mixes reviews about its effectiveness.
Health	The CDC is recommending pregnant women get vaccinated and boosted
Health	"The UK government says 'COVID-19' ""vaccines"" will be ""needed"" for more than 10 years and that 'COVID-19' will be a ""threat"" for more than 5 years. They want the ""vaccine"" in EVERY human being!"
Health	Englishman in New York - Lyft ride from JFK airport hits stationary tow truck on freeway, whole family gets a trip to hospital - looking for guidance with US insurance process.
Health	Twitch streamer Sonii is glad he never got the vaccine
Health	'Died suddenly' posts twist tragedies to push vaccine lies - how Anti-Vaxxers harm grieving families
Health	"My hospital has a whole box of these 10"" tall, 4"" wide Bayer canisters that no one knows what they are for."
Health	This tweet by Rob Schneider about the Chinese balloon and the Covid Vaccine
Health	'Died suddenly' posts twist tragedies to push vaccine lies
Health	The state of health of the soldiers released from Russian captivity is unsatisfactory. Now they are all in hospital - GUR
Health	Stefen Oelrich (Bayer President of Pharmaceuticals): In 2019, almost everyone is against injecting themselves with gene therapy. Now, there is a huge market opportunity for selling mRNA gene editing injections. What changed? The thumbnail says it all
Health	The effect of a pharmaceutical ghrelin agonist on lifespan in C57BL/6J male mice: A controlled experiment [2023, open-access]
Health	I was hit by a car and my insurance refuses to cover the hospital bill
Health	Recursion Pharmaceuticals is hiring Data Engineer, Data Platforms | Toronto, Ontario Canada [Machine Learning Python PostgreSQL GCP]
Health	Thank you Mount Carmel Emergency Room and Hospital
Health	CM Yogi Claims to Make UP as Pharmaceutical Hub in India
Health	Wanted to share my pics from Finland we were blown away by the beauty and hospitality.
Health	Galt is hiring a Pharmaceutical Scientific Sales Representative Opportunity for Pharmacists!!
Health	Overvejede at sende den her vaccine tiktok til Btbtterne
Health	A break from work at the hospital.
Health	the boymoder and the passoid (rung) at the hospital (our friend got roofied
Health	Japanese Researchers to File Lawsuit Against Japan Government for Covering Up the Side Effects of the COVID Vaccine
Health	Bee Vaccine Alone Wont Stop Population Loss, Scientist Warns
Health	Hospital visit
Health	Some pharmacies in Mexico passing off fentanyl, meth as legitimate pharmaceuticals [press]
Health	Mans dog was by his side the entire time he was at the hospital
Finance	Never thought Id see the day a GameStop had a good game in stock, and at a good price too!
Finance	a wholesome story i want to share
Finance	One of my last delivery for Xmas, a 2d one. We must prepare our own bank instead of fiat.
Finance	Be Your Own Bank. (BYOB)
Finance	My bank account is down, But my Hard-on for the World Eaters is positively pulsating! For The 12th! For Angron!
Finance	Netflix Backtracks on Password Sharing Rules Following Internet Backlash
Finance	"""You need to share the run"" No wuckas"
Finance	Here's a guide to filing a complaint against the bank without spending on a lawyer and getting expedited redressal!
Finance	I got fired from the sperm bank yesterday
Finance	GRMC STOCK NEWS | GOLDRICH MINING CO BIG PRICE ACTION
Finance	Tesla stock gains on signs price cuts are spurring demand (NASDAQ:TSLA)
Finance	I refuse to believe that these individuals all share the same voice actor...
Finance	Bank Bail-ins
Finance	A warning to anyone waiting for Pokemon Bank to become free before you start using it.
Finance	TIL Lou Pai was a senior executive at Enron who, after having an affair with a stripper, to satisfy his divorce settlement, cashed out $250 million of his Enron stock just before the company's stock price collapsed and it filed for bankruptcy protection.
Finance	Half Price Books had some interesting games in stock today
Finance	Brought home these vintage owls yesterday. Wanted to share their little faces.
Finance	META Price Predictions - Meta Platforms Stock Analysis for Monday, February 6th 2023
Finance	Saw it in Twitter had to share you all :D
Finance	PropertyGuru (NYSE:PGRU) Stock Price Up 4.8% - ETF Daily News
Finance	Its easy for us to move this stock price back up.
Finance	I usually share watercolor paintings here, but my sister (with Downs syndrome) got to meet Boston Scott today and they look equally as excited!!! Go Birds
Finance	A Bank Holiday Saturday proudly sponsored by Bus ireann
Finance	Firefox reaches 5.8 % market share according to Cloudflare Radar
Finance	Me with the bank while taking 101th personal loan
Finance	My IMUX calls yesterday. 5 Analysts have price targets between $5 and $39 for the stock in 2023.
Finance	F Price Predictions - Ford Motor Stock Analysis for Monday, February 6th 2023
Finance	This is Potato. She gave me this very photogenic pose so I had to share it.
Finance	BBBY not listed on Lunar bank app in Denmark
Finance	Shocked to learn that woman were only allowed to open their own bank accounts in the UK in 1975. What other things havent woman been allowed to do in the past 50 years?
Finance	Fulton banks HYSA is for NEW money only??
Finance	Altiplano Metals (CVE:APN) Stock Price Up 12.5% - Defense World
Finance	Happy Birthday Lily so I share my most fun work made 2 years ago: Lilys twinkle swamp
Finance	How to calculate 1M, 3M, 6M and 1Y price returns for a particular stock in google sheets?
Finance	"CENTURY ARMS MICRO AK-47 PISTOL, SEMI-AUTOMATIC , 7.62 x 39mm, 6.25"" BARREL, 30+1 ROUNDs AVAILABLE IN STOCK AT WHOLESALE PRICE @COOKERPEddler @Telegram"
Finance	Well well well Take a wild guess who owns nearly 10% of Silvergate Bank? State mofoin Street, who if you will recall is over-leveraged shorting GME &amp; is also known for creating bad ETFs including XRT, the largest ETF holding GME to commit all kinds of market fcukery with. The thick Plotkins.
Finance	Tellurian Stock Forecast 2023, 2025, 2028, and 2030 | TELL Stock Price Prediction
Finance	I made a Reddit account to share my bookcase with people who would care to see it.
Finance	"Manager asked us to share something difficult about our childhoods for ""team bonding"""
Finance	Largest Bank in Russia Plans to Deploy Ethereum-Compatible DeFi Platform by May 2023: Report
Finance	Feels Bar is open could't find one on the feed so decided to open it myself. Been a depressing couple of weeks for me. If you have something on your mind bothering you feel free to share here, lets talk.
Finance	My 5 year old daughter desperately wanted to paint her first mini. Not exactly the color scheme I would have chosen but she is very proud and asked me to share with my internet friends.
Finance	Hi Guys, Samarth Here. I am a Digital artist who was recently commissioned to paint a Kerala-based artwork. The client loved it, so I thought I might share it with you guys too. Hope ya like it :)
Finance	They even share an identical life crisis
Finance	Memory Bank - Bocchi the Rock! AMV
Finance	Wanted to share my pics from Finland we were blown away by the beauty and hospitality.
Finance	Proud to share my best astrophotography picture, travelled to one of the darkest sky of North hemisphere to capture this detailed 20 tiles panorama of the Milky Way core behind LST-1 telescope
Finance	First serious acquisition of my new hobby. I foresee a smaller bank account in my near future.
Finance	Slot machine/piggie bank. Added a way to insert credits.
Finance	Trade Balance with China (2020 World Bank data).
Finance	AMD Price Predictions - Advanced Micro Devices Stock Analysis for Monday, February 6th 2023
Finance	[OC] This was too funny not to share
Finance	Private Discord I will be sending you alert of a 4 stock ready to explode- entry price is super low- massive news too- stamp 2/4/23 949 pm -
Finance	New to StockX , Why is the sell price so high? the shoes I want to sell are a size 4 and its saying I would get 78 mill? Is this a joke or?
Finance	The bank repossessed Wayne Manor, I'm currently living on the streets, please send prayers
Finance	My old room from 2020. It was either I share a room with my sister or live under the stairs
Finance	Hey guys, can you help legit check these. Bought them of StockX and with the recent price drop of these Im a little cautious about them. Also because theyre pretty scarce I dont really know if theyre easy to legit check. Hope to hear from u guys.
Finance	Altiplano Metals (CVE:APN) Stock Price Up 12.5% - ETF Daily News
EVs	it's the weekend babes!!
EVs	I was decluttering and found this. Is this still okay to use?
EVs	EVs won't fix the 1.5 BILLION tires disposed of each year.
EVs	Love my 19 Volt bought 3 weeks ago but I would love 60-70 miles range vs 45 miles. Why dont we see better and larger PHEV batteries? EVs are doing it, PHEVs seem to be missing out on the hype.
EVs	Tesla Motors - may be on the rise.
EVs	US-Made EVs Could Get Massively Cheaper, Thanks to Battery Provisions in New Law. Called Section 45X, it funds 10 years of production credits for manufacturing battery cells. Will cut one-third to one-half off the total cost of any EV battery with both cells and pack built in the US.
EVs	How EVs Were More Popular 100 Years Ago! The Fall And Rise Of Electric Cars [07:27]
EVs	For those of you who own EVs, whats it like?
EVs	Prices Already Starting to Correct
EVs	Help! This makes no sense. This business lists a Tesla at market price but if you decline the new battery the price is 50% lower. https://motors.057tech.com/cardetail/5YJSA1E11GF152152 Does his inventory have no battery installed?
EVs	Utilization of radiant energy 1901 Nikola Tesla US685957
EVs	H: Good Weapons &amp; Rare Plans W: Apparel &amp; Masks, Enclave Aligned Flamer Mods, Specific UNY/AP Scout Armor Pieces, V/PA or V/AP Chainsaw
EVs	Is this comparison still valid?
EVs	Any idea what brand these are .
EVs	EVs have been bad for me personally.
EVs	Comparison of Yezdi Scrambler Dual Tone and Ather 450x Gen3 AkulRide.com Category: Cruiser Bike Brand: Yezdi Motorcycles Model: Yezdi Scrambler Single Tone Launch Date: 13 January 2022 Features:Max. Power: 21.42kW (28.72hp) Engine Capacity: 334cc Torque: 28.21Nm Compression ratio: 11:1
EVs	Blatantly stolen from EVS
EVs	tesla cyberquad now available $1000 a piece. Motor Controllers Available as well. Message us if interested
EVs	Montrealers with EVs, how was your experience these last 2 days?
EVs	Is it just me or their prices just increased?
EVs	Last few days few sales person calling me more frequently for Ather bike is it scam?
EVs	Everything so far.
EVs	why Queen level 50 Ev's max Attack it's 141 base (not training) and my Queen it's 147(base too not training) i don't use seed never in the game. It's normal ?
EVs	Chinese Tesla rival Xpeng launches flagship EVs in Europe in international push
EVs	[US] Various Decks for Sale - 40% Off
EVs	hi i was wondering what nature mint i should give my greninja from the raid event as sassy isn't very good for it (as i've been told anyway , i dont actually know much about competative building) - and what to put its evs into - thanks!
EVs	This got me banned from r/CyberTruck and r/TeslaMotors (even though I never posted there!?) Thought you folks might appreciate my humour more
EVs	Mod to show rank for each difficulty next to track name, similiar to Ragnarock?
EVs	US-Made EVs Could Get Massively Cheaper, Thanks to Battery Provisions in New Law. Called Section 45X, it funds 10 years of production credits for manufacturing batteries. In one fell swoop will cut one-third to one-half off the total cost of any EV battery with both cells and pack built in the US.
EVs	LookAtherNow - Hot Maid Liya Silver Sharing Cock With Alyssia Kent In 3some
EVs	ALL MODEL Y's now qualify for the Federal EV tax credit! (As of 2/3/23)
EVs	Does it even matter how many miles a used Tesla has on it?
EVs	Comparison of Yezdi Scrambler Dual Tone and Ather 450 Plus Gen3 AkulRide.com Category: Cruiser Bike Brand: Yezdi Motorcycles Model: Yezdi Scrambler Single Tone Launch Date: 13 January 2022 Features:Max. Power: 21.42kW (28.72hp) Engine Capacity: 334cc Torque: 28.21Nm Compression ratio: 11:1
EVs	need help coloring my chocobo
EVs	Instructions on long term storage of your Tesla
EVs	Model Y LR up to $80k now qualifies for tax credit
EVs	Treasury Extends Tax Credits on Tesla, Ford, GM EVs
EVs	Aftersun poster I made! (wanted to do one inspired by the vacation and one inspired by the rave scenes)
EVs	World rankings after EvsW6 &amp; Arm wars?
EVs	Question that keeps coming up regarding teslas being fast but tesla drivers being slow
EVs	Tesla Model 3 dual motor or 2024 Mustang V8
EVs	Drivers frustrated by highway use fee in Virginia
EVs	Electric shock: A new study found that EVs were more expensive to fuel than gas-powered cars at the end of 2022 here are 3 easy ways to save cash no matter what you drive
EVs	Mullen Receives $200 Million Purchase Order for 6,000 EV's
EVs	r/AtherOwners Lounge
EVs	U.S.-Made EVs Could Get Massively Cheaper, Thanks to Battery Provisions in New Law
EVs	TVS iQube S - Just Got this yesterday and like I woulda preffered the Ather one but this is good too....just wanted to share but I'm happy nd just ask me anything ya want
EVs	Porsche Is Readying A 1,000 HP Taycan To Rival Tesla And Lucid. The new flagship Porsche Taycan will probably have three electric motors
EVs	Drivers window wouldnt stay closed. Mobile technician recalibrated window (temporary fix). Problem resurfaced again. Took M3 to Tesla service and they replaced the motor. After 3 years, I couldnt be more appreciative to own / drive this amazing car.
EVs	BMW invests 800 million in San Luis Potos plant to make Neue Klasse EVs and battery pack assembly
EVs	Tesla Owner Tweets at Elon Musk After Model Y Steering Wheel Falls Off in Traffic - MotorTrend
EVs	Same product, different countries. The bottle on the left is from Canada, bottle on the right is from New Zealand.
EVs	Should I defer buying Service Pro?
EVs	@AP: The Treasury Department said Friday it is making more electric vehicles including SUVs made by Tesla, Ford and General Motors eligible for tax credits of up to $7,500 under new vehicle classification definitions.
EVs	[Ather] [Discord] [P8S p2 enrage-reclears] [Savage] [Melee DPS]
Telecom	Tata Play DTH Connection Get New DTH Connection from Tata Play at 90% OFF DTH Recharge Offers, Set Top Box, Best DTH Alternative to Airtel DTH, Dish TV, Sun Direct, Reliance Digital TV in India at tataplay.com
Telecom	Airtel Mumbai Issue
Telecom	government beaming 5g into my head and making me all sad with sad 5g beams
Telecom	poco f4 5g wont turn on
Telecom	Samsung Aurora 2023 5G: Review, Price, Specs &amp; Feature - GSMArena Pro
Telecom	Jio &amp; Airtel vs the good oldies (Aircel, Docomo)!
Telecom	London to get full 5G coverage in tunnels by 2024
Telecom	People who got access to JIO 5G ,whats the speed your getting?
Telecom	My jio fiber 5ghz network not visible on ps5
Telecom	IPL on Hotstar vs IPL on JioCinema
Telecom	Redmi Note 12 vs Mi 11 Lite 5G NE
Telecom	#ShareMarket #Sensex #NSE #BSE #Titan #IndusIndBank #TataSteel #LT #BhartiAirtel #Khabar #APNNews #APNUpdates #APN
Telecom	Scg01 Jio 5g
Telecom	No new Shark Tank episodes on Airtel Xstream?
Telecom	Government converts their interest in VI, into equity, making it the largest holder in the telecom provider
Telecom	Unlocked phone and 5G
Telecom	Cute Snowflake Ring Classic with dedicated details, unsurpassed quality plus incredible value! Perfect as a wedding band, engagement ring or just for everyday wear due to its extreme comfort! DESCRIPTION Ring Weight: About 5g Ring Size(approx): 5/6/7/8/9/10/11
Telecom	, 119 225 #JioTrue5G #RelianceJio #True5G
Telecom	lmaaoooo who put this 5g tower in my backyard
Telecom	Jio 5G - Lawspet, Puducherry
Telecom	Is this a good box to start with pfSense? also can i use the 4 lan ports as a 2.5G switch?
Telecom	Airtel Africa records profit gain
Telecom	airtel fibre speed issue
Telecom	Bharti Airtel's 5G network will now be available in 55 cities, every corner of the country by 2024 - bharti airtel 5g network available how to activate airtel 5g
Telecom	How do I keep my airtel number active? Use it only to receive incoming OTPs in the USA
Telecom	Jio 5G in Ranchi
Telecom	Relentless badgering from airtel
Telecom	5G for live streaming?
Telecom	jio(03/02/2023) Must listen
Telecom	MCMC and UPM want to know if you have health and safety concerns about 5G towers and devices
Telecom	iPhone 14 vs iPhone 12 5G+ coverage
Telecom	Verizon 5G | Motorola Edge+ | Android Auto on my 2021 Subaru Forester
Telecom	Classic Luxury Real Solid 925 Sterling Silver Ring Classic with dedicated details, unsurpassed quality plus incredible value! Perfect as a wedding band, engagement ring or just for everyday wear due to its extreme comfort! DESCRIPTION Ring Weight: About 5g Ring Size(approx): 6/7/8/9/10
Telecom	Airtel or Vi?
Telecom	Jio APN Settings 2023
Telecom	Got 5G Coverage?
Telecom	5g iPhone 13 pro max from sofi stadium during the game. Nuts
Telecom	Jio + Viacom Studios Voot = Jiovoot. Vikram Vedha and Bhediya will be streaming on this app
Telecom	Airtel Recharge Plan List 2023 PDF
Telecom	Its been some time now that we can use 5G services in Mumbai. I want to switch to 5G, which one should I go for, Jio or Airtel?
Telecom	, #JioTrue5G . #Haridwar #5G #Jio5G #True5G #IndiaOnJioTrue5G @reliancejio
Telecom	Jio Cinema Set to Enhance IPL 2023 Viewer Experience With Technology-driven Sports Spectacle
Telecom	128GB Google Pixel 6a 5G Unlocked Smartphone (Various Colors) - $299.00 + F/S - Amazon [Deal Price: $299.00]
Telecom	Monster at Canoe Creek POV. Cheatengine used so should be smoother. Around +4.9g -1g, lat 1.5g max. 37m / 120 ft, 100 kmh / 60mph
Telecom	Jio, Airtel announce further expansion of 5G coverage in new cities
Telecom	Jio True 5G Service Launches in Haridwar, Now Available in 226 Cities
Telecom	JioCinema - Sports, Movies, TV 4.0.4 by Reliance Storage Limited
Telecom	Reliance Jio Jobs Recruitment Notification 2023
Telecom	The BCCI has approved Jio's request to telecast IPL in 4K resolution
Telecom	Jio Digital Fibre Pvt. Ltd. booked for damaging road
Telecom	5G and 5G+
Telecom	Have anyone facing issue with Airtel Fiber on Ps4. NAT TYPE and Lag issue.
Telecom	#JioTrue5G , #Haridwar #5G #Jio5G #True5G #IndiaOnJioTrue5G @reliancejio
Telecom	Is Airtel throttling your Internet connection based on your political ideology?
Telecom	Got Airtel 5G on my #NothingPhone1 today
Telecom	Airtel Africa reports double-digit revenue and customer growth
Telecom	Vodafone or Jio eSim near Haji Ali/Worli
Tech	Adam22s Amazon purchase history leaked
Tech	Bed Bath And Beyond is getting destroyed on Google SEO for the keyword BBBY. Need help from eager content writers and website name ideas
Tech	The Chinese balloon is spying on us!! Meanwhile google maps..
Tech	Overseen at Golden Apple- Lemon Iced Tea with duck sh*t?
Tech	View near airport in the morning. Google maps made us go there on the way to Nandi hills. Best wrong route so far
Tech	Season Six wrap party invite (posted on Facebook by Doug Drexler)
Tech	Google Invests Almost $400 Million in ChatGPT Rival Anthropic
Tech	i am stealing posts from facebook
Tech	Apple sales drop 5% in largest quarterly revenue decline since 2016
Tech	Amazon black box #2 had TH and STH!
Tech	manga vol 13 available on Amazon new for retail price!
Tech	[N] [R] Google announces Dreamix: a model that generates videos when given a prompt and an input image/video.
Tech	Editing LoR into bad Facebook memes until I forget or get bored, Day 4 (i heckin love competitive ladder)
Tech	I guess Amazon or UPS forgot the filler for my 300 Win Mag dies.
Tech	I went to the Apple Store to buy an iPhone 14 and we got to small talk and I said I was a cinematographer and he said- not even joking, You wont need those expensive cameras anymore. The 14 has cinematic mode. I was like ha ha and he looked at me with a straight face completely serious.
Tech	"Apple: ""Black Lives Matter!"" Also Apple: ""The Chinese people are our slaves."" The West: ""It's cool. Tim Cook's gay."""
Tech	U.S. antitrust agency preparing lawsuit against Amazon
Tech	Apple CEO Tim Cook says AI will eventually 'affect every product and service we have'
Tech	My aunt regularly reposts these on Facebook
Tech	Got this at Costco, 5lb bag for $5 (10 onions). These are good for eating like an apple. Very mild!
Tech	Workers Strike Back stands with Google workers &amp; Alphabet Workers Union as they fight for fair wages for contract workers and against the mass layoffs, which bosses are using to push the costs of the coming economic crisis onto workers
Tech	New Atelier Ryza 3 Artwork: Ryza and Klaudia (From KoeiTecmoTW Facebook Page)
Tech	Now doing reference sheets for $60! Now accepting cash app,Venmo,PayPal, and Amazon US!
Tech	Editing Jerma into bad Facebook memes, Day 12
Tech	[GPU] Powercolor Radeon RX 6950 XT Red Devil - $699 (chose Amazon as seller)
Tech	Tuning in from Google Canada only to see Taiwan represent!
Tech	Got it from Facebook
Tech	Google brings no karma
Tech	even apple music agrees that let down is underrated
Tech	My mom secretly puts ___ in her apple pie
Tech	I thought it was a scam because I did not preorder. Turns out Amazon has FH
Tech	Amazon Axe Warrior seems to be getting a good amount of popularity. I wonder if they'll ever include her in a small little Sub story like they did with that Rock Eater guy in Year One.
Tech	ChatGPT Passes Google Coding Interview for Level 3 Engineer With $183K Salary
Tech	From a picture I found on an Edward hopper Facebook page..
Tech	"Amazon orders ""Blade Runner 2099"" show"
Tech	Russian defector admits that Russians tortured Ukrainians - Insight News Media.Yesterday another prisoner exchange took place between Russia and Ukraine. Ukrainian Facebook users were shocked by the photo taken after the return of prisoners.
Tech	Apple is 'world's most admired company' for 16th straight year
Tech	Google HR loses job while interviewing candidate for a job role, says call got disconnected suddenly
Tech	Matchday in the capital (MCFC Official Facebook)
Tech	facebook marketplace is something else
Tech	Gotta love those auto-suggested answers from Google
Tech	Would you like a bite of my juicy red apple?
Tech	Damn It! I have welding googles in the car.
Tech	This meme is brought to you by Google slides and our generous MIC overlords
Tech	TES 3( AMAZON PRIME) CODE GIVEAWAY
Tech	Facebook reminded me that 7 years ago today, I was in Paris, and found the lock
Tech	One of the most capable intelligence agencies in the world watching a balloon collect data that can be found on Google Earth.
Tech	LOOK: An aerial view of Sibuyan Island reveals that some areas have already been mined. This was taken on Saturday, the same day that mining operations were suspended due to alleged environmental violations. | : Gerardo Ribon Sibuyan Island, Romblon/Facebook via @JMangaluzINQ
Tech	Apple Cultivation
Tech	Bitch, time to stop using google maps.
Tech	First thing I saw opening Facebook
Tech	Just found this comment on Facebook on Kokushibo Leaks.
Tech	Florida prickly apple - Harrisia fragans - very rare
Tech	Someone posted this for free curbside on Facebook marketplace and I jumped at the opportunity.
Tech	I just googled adderall shortage and got a sponsored ad from Done (who contributed to the shortage) promoting how they can help with the adderall shortage
Tech	Are you sure its an obsidian crystal stone egg decoration Amazon? Are you SURE youre sure?
Tech	The Apple website twenty years ago (2/4/03)
Tech	The White House just came around to Elon Musks point about Apples secret 30% tax on everything
Tech	Facebook Marketplace Steal
Tech	Last year cost them $3.9 trillion in market value. Now Apple, Amazon, Alphabet, Microsoft and Meta are championing austerity.
Tech	Some marketer at Amazon really is not a fan of Kyle
Tech	Saw someone else do it, so thought I'd do it too. Some pictures to commemorate my 2 years with amazon
Tech	now offering headshots for $20! now accepting cashapp, Venmo, PayPal and amazon US!
Tech	I made an apple pie
Tech	His first apple since February 2022. After 11 months in russian captivity, he turned gray and lost a lot of weight. Maksym Kolesnykov, a restaurateur, a manager, and a soldier. One of the 116 Ukrainian POWs released today.
Tech	Alamo is getting blasted on Facebook
Tech	A soldier of the Armed Forces Maksym Kolesnykov released from captivity sees an apple for the first time in a year... Imagine, such a simple and accessible apple makes a person freed from Russian captivity happy.
Tech	Google experiments with non-WebKit Blink-based iOS browser
Tech	Maya The Amazon
Tech	Leaked emails show Amazon will only hire students and recent graduates for entry level software engineering positions
Tech	Pannenserie oder steckt mehr dahinter? Amazon, Netflix und Microsoft ziehen rtselhafte Ankndigungen zurck
Tech	This is Google's news suggestion for me and please believe me I laughed out loud so hard.
Tech	I mentioned there was Wes Anderson pop up here in Milwaukee. Well, a girl made 75 AMAZING cookies. They all sold except for the $100 Boy with Apple Cookie (see last photo)! If you look at her Instagram, she has cool videos of the process!
Tech	Probably the weirdest map I have found in google images.
Tech	MIL made a passive aggressive Facebook post after my husband and I fought
Tech	Fateful Findings and Twisted Pair are now available on Amazon, YouTube, itunes, Vudu and Google Play
Tech	Found a dungeon with golden apple in it. (I'm not german btw)
Tech	"His mom right now on facebook : ""Help me explain my dumb son he entered a ponzi scheme and a cult"""
