Health	2023-01-30	Connect with us, Call: +91 9004857914 Email: mail@orionpr.in #HealthCareCommunications #PharmaBrand #PharmaBrandManager #MarketingManager #Director #Pharmaceuticals #Healthcare #diagnostics #ProductManager #BrandManager #CEO #PharmaMarketing #HealthcareMarketing #Vaccine #Drugs
Health	2023-01-30	Visit the Rivers State Primary Health Care Management Board at waterlines or the Health Care facility at your Local Government Area to vaccinate your eligible child against the rotavirus. #RSPHCMB #Rotavirus #vaccine #Immunization #Health #WHO #UNICEF #Eveafriquenews
Health	2023-01-30	@CTVNews Absolutely ridiculous OHIP no longer covers online docs 1st #LiberalsMustGo fire/force retired/make quit docs over #vaccine Etc A lot of us no longer have a doc NOW we have to PAY $50 per visit 4 a online doc WTF #TrudeauMustGoNow Last I checked I still live in Ont Canada #OHIP
Health	2023-01-30	I have had long conversations now with two hospitals in more than half a dozen visits Now they are worried and as stated, refused diagnosis, omissions medical records for years, #vaccine would be bad Two friends dead, one paralyzed half his body
Health	2023-01-30	@jathorpmfm Another #pfizer #mRNA #vaccine #clotshot #lethalinjection victim Media is in #gaslight mode @NBCNews @CNN @ABC @CBSNews @business @FoxNews @reuters @pfizer @albertbourla @ScottGottliebMD #fauci @US_FDA @cdcgov #Myocarditis #diedsuddenly #vaccinedeath #BigPharma
Health	2023-01-30	"Never forget the innocuous sounding term ""We are all in the Together"" was co-opted by the Globalists as their rallying cry to gain control of the entire population. Beware of anyone who utters this term, they are either evil or a sheep. #vaccine #Covid"
Health	2023-01-30	Absolutely ridiculous, OHIP no longer covers online docs 1st #LiberalsMustGo fire/force retired/make quit docs over the #vaccine so a lot of us no longer have a doc NOW we have to PAY $50 per visit 4 a online doc WTF #TrudeauMustGoNow
Health	2023-01-30	I believe that ALL of the people with SHIT BODIES AND SHIT MINDS should get the #COVID19 #vaccine. That's who it was made for. Biological weaklings.
Health	2023-01-30	@justjbates I am sensing this ends with friend sitting in an ER to get prescription for a government funded #vaccine. This is what life in #Ontario without family doctor becomes if one lives rurally where there are no walk-in medical services. The only place to access a doctor is ER.
Health	2023-01-30	@Jollyra32691822 @elitesbewarned #pfizer #mRNA #vaccine #clotshot #lethalinjection victim Media is in #gaslight mode @NBCNews @CNN @ABC @CBSNews @business @FoxNews @reuters @pfizer @albertbourla @ScottGottliebMD #fauci @US_FDA @cdcgov #Myocarditis #diedsuddenly #vaccinedeath #BigPharma
Health	2023-01-30	@AlbertBourla business opportunity - 10% off a heart defibrillator after your 5th booster. Thank me later #vaccine #Pfizer #covid
Health	2023-01-30	I've been following the #TwitterFiles &amp; would really like to know if the South African Gov also played a part in the censoring South Africans that spoke out against the #vaccine ? @Airborne4_Life @ALooterContinua @BrockRiddickIFB @ConCaracal @TonySantanaZA
Health	2023-01-30	@Joe7tinysteps @NickFerrariLBC If it turns out that there is some risk (albeit low) - and many studies are finding some - with the #vaccine, it's going to properly screw their endless 'vaccine rollout' lies.
Health	2023-01-30	#valleyfever the next scare to make you stay inside and get another #vaccine
Health	2023-01-30	@DjokerNole Thank you for being a light in the dark #covid_19 times! Saying no to the useless #vaccine was for many people a hard choice! #Australia doesn't deserve you! Congratulations!
Health	2023-01-30	How many people have been/are about to be laid off after being forced to get vaccinated in order to keep their jobs? #vaccine #diedsuddenly
Health	2023-01-30	A #Pfizer a day keeps the heart attacks at bay #covid #vaccine #brainwashed #thematrix
Health	2023-01-30	@OzraeliAvi How stupid are some of these tweets from the #vaccine brigade? We know it's a bitter pill that you mob fell for it when Government spoke... but look at the damages it's caused now because you believed every word! #FauciLiedMillionsDied
Health	2023-01-30	@TonyHinton2016 @POTUS They are unethical whatever the #Vaccine effectiveness. @TonyHinton2016 bodily autonomy is paramount - END OF.
Health	2023-01-30	@ZacharyLevi Well, you just assured that I will go see ShazamII in theaters! @DCComics pay attention! It took balls for Zack to speak out about @pfizer! @LandauDave @Timcast @hodgetwins #DamnSkippy2024 #vaccine facts are being denied!
Health	2023-01-30	Analysts expect #Pfizer's #COVID19 #vaccine sales to drop to $14.2 billion in 2023 from $34.1 billion in 2022. Let's see $PFE's earnings report tomorrow and their 2023 guidance. I expect a limited sell-off.
Health	2023-01-30	@TariniManhas @9NewsAUS @eddy_meyer It isnt lack of fear, mate, but rather the abundance of it. For the very #data also tells of people dying from heart attacks post these so called #vaccine shots. History forbids to believe every word coming out of the so called fancy pants. #CovidVaccines or #moneymakingideas
Health	2023-01-30	@healthbyjames #vaccine #vaccineinjuries #vaccinedeaths #FauciFiles #DepopulationAgenda #DiedSuddendly The best thing about the depopulation agenda.. Demonrats literally think the Covid vaccine works, are safe and effective and is just a conspiracy theory.
Health	2023-01-30	@danaparish 40 years of #lymeDisease corruption set the world up for bad #covid &amp; #vaccine outcomes. &amp; thats just one piece of all that the powerful behind #medicalIndistrialcomplex, #bioweapons, #foodIndustry, toxicity spread by federal &amp; corporate programs or benefit have done 4 the setup
Health	2023-01-30	@NaturallyFTW Another #pfizer #mRNA #vaccine #clotshot #deathshot #lethalinjection victim Media is in #gaslight mode #BigPharma @NBCNews @CNN @ABC @CBSNews @business @FoxNews @pfizer #Myocarditis #diedsuddenly #vaccinedeath @albertbourla @ScottGottliebMD #fauci @reuters @US_FDA @cdcgov
Health	2023-01-30	@joanyvaxxedpdx Why would she die from the #covid #vaccine? The vaccine is very safe ! I've had every jab and there's nothing wrong with me !
Health	2023-01-30	@Jimmy79111 @tohabebj @Seatree12 @MardyFish @DjokerNole Shouldn't you vaxxies be spending your last weeks/months on earth doing something productive #NovakDjokovic #vaccine
Health	2023-01-30	only half required #transplant #candidates to take a #COVID19 #vaccine regimen. The #vax can hardly be deemed #medically necessary if half of the responding #transplant centers are not #requiring it, said Deborah Catalono of the #Liberty #Counsel,
Health	2023-01-30	@healthbyjames My mom died after the 3rd #Pfizer #vaccine.
Health	2023-01-30	@FOXNRL #Vaccine injury no doubt
Health	2023-01-30	@BarryHunt008 @GoBlueReds @maosbot Disease is created within not without. Have you not yet noticed that no-one has had a #coronavirus #vaccine? The #vaccinated are breeding the new variants hence why the #unvaccinated are not getting ill. You can wear masks all you like but that's only preventing #Covid escape.
Health	2023-01-30	@sbach_ @OzraeliAvi Let's talk about irresponsible actions of Governments forcing an unapproved #vaccine in your arm without wanting to even look at any other data coming out that Doctors are very concerned about because it seems these #vaccines do not work and turns out they killing people! #WakeUp
Health	2023-01-30	Now,a little tweet for those acting like children with a tantrum! From now on, i won't do your homework for you! If you can tweet, you can also use google to find things out! Source screamers are very uneducated lazy people imo! #Ukraine #Covid #vaccine #WEF
Health	2023-01-30	It is a real place where all the wicked go who do not obey God! I've been there n a vision! REPENTNOW #vaccineinjuries #DiedSuddendly #suddenlycollapsed #VaccineDeath #vaccine #StoptheShotsNow #StopTheShots #VAXXED #shedding #VaccinesWork #AIDS #ProjectVeritas #Pfizer #bloodclots
Health	2023-01-30	@gatewaypundit Another #pfizer #mRNA #vaccine #clotshot #deathshot #lethalinjection victim Media is in #gaslight mode #BigPharma @NBCNews @CNN @ABC @CBSNews @business @FoxNews @pfizer #Myocarditis #diedsuddenly #vaccinedeath @albertbourla @ScottGottliebMD #fauci @reuters @US_FDA @cdcgov
Health	2023-01-30	@healthbyjames Nothing to see here. NOT! Not safe nor effective. #vaccine #vaccineinjuries #VaccineDeath
Health	2023-01-30	@9NewsAUS @eddy_meyer Call it a #vaccine but it does not work. It's like a drug you have to take all the time. They changed the definition since a vaccine is supposed to make you immune for life or many years not months! It is gene therapy and #pfizer boss knows it! #COVID19 #Covid
Health	2023-01-30	@DiedSuddenly_ Another #pfizer #mRNA #vaccine #clotshot #deathshot #lethalinjection victim Media is in #gaslight mode #BigPharma @NBCNews @CNN @ABC @CBSNews @business @FoxNews @pfizer #Myocarditis #diedsuddenly #vaccinedeath @albertbourla @ScottGottliebMD #fauci @reuters @US_FDA @cdcgov
Health	2023-01-30	@healthbyjames Real question Who got the #vaccine first then caught #COVID19 ...
Health	2023-01-30	@battleforeurope More #pfizer #mRNA #vaccine #clotshot #lethalinjection victims Media is in #gaslight mode @NBCNews @CNN @ABC @CBSNews @business @FoxNews @reuters @pfizer @albertbourla @ScottGottliebMD #fauci @US_FDA @cdcgov #Myocarditis #diedsuddenly #vaccinedeath #BigPharma
Health	2023-01-30	"With all these ""covid"" related cardiac arrests I'm seriously tempted to bang up a few litres of #Pfizer into my arm #covid #vaccine #cardiacarrest"
Health	2023-01-30	This is how bad the censorship has been. I saw this video at least one year ago. Doctors tried to warn you from the get go. People should be very angry at MSM and Big Tech. #Pfizer #PfizerFiles #pfizerdocuments #vaccineinjuries #VaccineDeaths #vaccine #VaccineSideEffects
Health	2023-01-30	Whether your livelihood depends on it or not, never willfully allow yourself to be injected with something that stipulates you cant be compensated in something goes wrong after injection. They set you all up SMH #vaccine #VaccineDeaths #Mystery #phizer
Health	2023-01-30	@SharylAttkisson I dont like polls, but I do know someone who faked a covid vaccine card so she could attend a large sporting event. We will never know the extent to which this was done. #vaccine
Health	2023-01-30	@danaparish Some people cant navigate all the lies &amp; corruption that have come out of the #medicalIndustrialComplex. They know #bigPharma, government health agencies, &amp; news media lied about the #vaccine &amp; didnt allow early #covid treatment but they dont know how long thats gone on for
Health	2023-01-30	@andyjak967 Another #pfizer #mRNA #vaccine #clotshot #lethalinjection victim Media is in #gaslight mode @NBCNews @CNN @ABC @CBSNews @business @FoxNews @reuters @pfizer @albertbourla @ScottGottliebMD #fauci @US_FDA @cdcgov #Myocarditis #diedsuddenly #vaccinedeath #BigPharma
Health	2023-01-30	Funny, how #BillGates came to watch #Djokovic playing at AO...despite both standing at extreme ends of #vaccine understanding.
Health	2023-01-30	KEY WORDS FROM #PATHAN: #AFGAHNISTAN #RUSSIA #TALIBAN #KASHMIR #TIRANGA #ISI #PAKISTAN SPAIN #PARIS #SALMANKHAN #SHAHRUKHKHAN #JOHNABRAHAM #DEEPIKAPADUKONE #VACCINE #VIRUS #RaktBeej #SPY
Health	2023-01-30	I tried another cleansing for the #vaccine #jab and it didnt work. I stopped today. Itll take 3-4 days to clean the crap out of my system. Spring Valley blood pressure support pills do not work. Walmart sells them. Another cleanse not worth the time. Anyone have suggestions?
Health	2023-01-30	#Science fiction is real and $cience is a fiction. #Covid #vaccine
Health	2023-01-30	#Gadar2 will be the highest grosser movie for 2023. Super duper mega Star #Sunnydeol Mark the date 11-08-2023 opening will be minimum 60cr. And #Animal &amp; #Vaccine not release this date Mark my words
Health	2023-01-30	@NataliaHodgins #vaccine s are the cause of #LongCovid
Health	2023-01-30	@barnes_law All his likely challengers continue to endorse the #Vaccine
Health	2023-01-30	Theres a word for being sold something that doesnt do what it claims to do. Theres a word for selling dangerous products. Theres a clear process to refund your money. Why arent Governments asking Pharma for our money back? #vaccineinjuries #vaccine #COVID19 #BigPharma
Health	2023-01-30	@RWMaloneMD Another #pfizer #mRNA #vaccine victim Media is in #gaslight mode @NBCNews @CNN @ABC @CBSNews @business @FoxNews @reuters @KertscherNews @pfizer @albertbourla @ScottGottliebMD @US_FDA @cdcgov #Myocarditis #diedsuddenly #vaccinedeath #BigPharma #fauci
Health	2023-01-30	values. #Medical #questions and #safety concerns aside, Barranco, a #Roman #Catholic, actually #refused the #vaccine on #religious grounds.
Health	2023-01-30	@HawleyMO So why is insulin so costly but the experimental spike protein shot IS free? Can you answer that? Or do you have blood on your hands too? END THE #vaccine MANDATES NOW.
Health	2023-01-30	@Jockadam8 @bruce_mcgonigal Now do the vaccinated #vaccine
Health	2023-01-30	i am doing an experiment. unvaccinated cum vs vaccinated cum, which do you think has more nutrients in it? #vaccine #nsfwtw #nsfw_twt #nsfwaccount
Health	2023-01-30	@ZacharyLevi #Covid-19 #vaccine makers are exempt from #liability under the #PREPAct but dont forget ALL vaccine makers have been exempt under the 1986 National Childhood #VaccineInjury Act. If you are hurt by this experiment, you cant sue.
Health	2023-01-30	@WorkmanLesley @PowerOfNeo #lyme patients are getting loud. The Feds have to negotiate pushing a #lymeDisease #vaccine out now after 40 years of lies about the # of cases, tests not working, geographic isolation, &amp; disabling nature of Lyme. &amp; the world has begun to suspect the fed government &amp; #bigPharma
Health	2023-01-30	Let me say this to all the people worried about the #Vaccine and shit how many of you smoke or sniff cocaine or take crack or any other drug get a grip of you're self you're paranoid have you seen what they grow weed in these days 12 chemicals just to get you stoned
Health	2023-01-30	@TexasRepublic71 Another #pfizer #mRNA #vaccine #clotshot #deathshot #lethalinjection victim Media is in #gaslight mode #BigPharma @NBCNews @CNN @ABC @CBSNews @business @FoxNews @pfizer #Myocarditis #diedsuddenly #vaccinedeath @albertbourla @ScottGottliebMD #fauci @reuters @US_FDA @cdcgov
Health	2023-01-30	"Wonder how many people are still getting a COVID ""booster"" this week? Love to see those #'s... #Vaccine #PfizerGate #vaccineinjuries #diedsuddenly #vaccinemandates"
Health	2023-01-30	@healthbyjames More common than people want to admit, not everything that should be reported with the data gets reported. @Research_Ethics @child_ethics @ClinTrialsJ @ethics_clinical #vaccine
Health	2023-01-30	1 shot 81.89% 2 shot 77.91% 3 shot 67.83% 5532 new positives #vaccino #vaccine #COVID19
Health	2023-01-30	@barnes_law The problem is @realDonaldTrump STILL endorses the #vaccine! Everyone was misled by #Fauci &amp; Co., but #Trump is the only one still endorsing despite ALL the #vaccineinjuries and #VaccineDeaths!
Health	2023-01-30	Anything else would be judgmental &amp; intolerant, a violation of civil rights and hate speech laws. The criminalization of heterosexuality would be a far easier way to limit the human population than released viruses by the #NIH &amp; #Pentagon &amp; deadly #vaccine mandates.
Health	2023-01-30	REAL #vaccine side effects should read: Autism braindamage ANY neurologicaldisorder(including down syndrome,miscarriage,retardation etc in pregnant WOMEN) DEATH convulsions cancer infertility random irreversible health conditions #SADS etc on&amp;on. Still want 1?! #vaccineinjuries
Health	2023-01-30	@RitaMcDougald6 WTF?! ... just like the government with their fuckin #vaccine! They're trying to CONTROL us!! F-That! I'm an AMERICAN! We are about #FREEDOM!
Health	2023-01-30	@justjbates Does @kflaph offer #shingles immunization clinic access for #seniors 65-70 without a family doctor and who live rurally - no access to walk-in clinics? I really hope our friends story doesnt end w/ attending hospital ER for a #vaccine prescription that is govt funded. #Ontario
Health	2023-01-30	@beakinderhuman @maxicat12 @MikeSington Lots of supposed2 out there but reality is who knows?Currently,that u can go online pushes much back on people2 do follow up which is very unreliable4 true info.need accurate complete data4 decisions-#Americans deserve solid info4safety in #medicine #vaccines #vaccine #Health
Health	2023-01-30	When asked if he thought the #vaccine would make any difference in his #prognosis, he replied, Yeah, the #vax can #kill me. To #qualify for a #transplant both of my #kidneys have to be functioning at 20 percent or less.
Health	2023-01-30	@Breedlove22 Good morning Robert! Every country/nation/nationality has a 'flag', where can I order one from Bitcoin? I have the #BTC passport, &amp; taken the #vaccine , only the flag is missing.
Health	2023-01-30	Unfortunately I had to witness my 95 year old neighbor (God bless you bessie) get wheeled out of her house on a stretcher. She died shortly after. Dont get the vaccine, it is killing people left and right. Bessie deserved better. #vaccine #antivax
Health	2023-01-30	@jathorpmfm More #pfizer #mRNA #vaccine #clotshot #lethalinjection victims Media is in #gaslight mode @NBCNews @CNN @ABC @CBSNews @business @FoxNews @reuters @pfizer @albertbourla @ScottGottliebMD #fauci @US_FDA @cdcgov #Myocarditis #diedsuddenly #vaccinedeath #BigPharma
Health	2023-01-30	4/4 ... Key Stakeholders in attendance include the Ministry of Health (MoH), Ghana Health Service (GHS), Noguchi Memorial for Medical Research - Legon, National COVID-19 Trust Fund (NCTF), CSOs in Health and a wide range of Civil Society Organisations. #vaccine #COVID19
Health	2023-01-30	All of the people involved have gotten bigger down the line. They each get in for their own agenda. No matter the price everyone pays. They have or all ready were convinced that they are smarter and more capable of making the right decisions for all. #Vaccine #MoonShot #Selfish
Health	2023-01-30	#genocide by #vaccine ...Just FYI
Health	2023-01-30	@DjokerNole CONGRATULATIONS! You showed those #Vaccine Control Freaks!
Health	2023-01-30	@healthbyjames Me ! An 8 day head cold - Wheras the Covid #vaccine has ruined my health &amp; its looking like long term
Health	2023-01-30	@DavidJoffe64 @CrabbBrendan Let us get a fifth vaccine! #Covid #Vaccine
Health	2023-01-30	@piersmorgan Have you questioned the vaccine effectiveness or regret having it and would you have another one ? #vaccine
Health	2023-01-30	The Truth is like Cryptonite at this point in Time and you cant Stop It. Human Outrage is occurring at the end of a Hyperdermic Needle. Dr. Peter McCullough @P_McCulloughMD #vaccine #VaccineSideEffects
Health	2023-01-30	@ABDanielleSmith Unvaccinated people as been remove from transplant waiting list because of you!!! Still mask mandate in hospital!!! Sudden death is not happening to unvax!!! WORLD ECONOMIC FORUM control canadian goverment!!! PFIZER DIRECTOR VIRAL VIDEO!!!#DanielleSmithIsUnfitToLead #vaccine
Health	2023-01-30	@backtolife_2023 @tme_toni I thought the pro #vaccine people wanted depopulation. If so then why do they care about people getting vaccines which supposedly saves lives?
Health	2023-01-30	@LibertyLockPod @ttmalek Easily.... but not the way they informed us. COVID has all but disappeared in low vaccinated countries but rebounding in heavily vaccinated countries. This is due to Antibody-Dependent Enhancement (#ADE). It literally is now the pandemic of the vaccinated. #vaccine #diedsuddenly
Health	2023-01-30	"Top SA #HIV clinicians are setting their sights on different approaches to finding an #HIV #vaccine after the ""disappointing"" news that the #Mosaico trial was stopped early because the vaccine did not show any efficacy. @MRCza @SA_VacciNation @HIVpxresearch @IAVI @CAPRISAOfficial"
Health	2023-01-30	@MaxwellFrostFL @davidhogg111 TDS is not the only derangement syndrome (DS) running rampant. Theres your own #WhiteSupremacy DS, but also #ClimateChange DS, #Vaccine DS, #Abortion DS, #Transgender DS, #Inclusivity DS . All of these miserable pplIrrational, Driven, Brain Dead. God save us from the deranged.
Health	2023-01-30	From the 12th of February, people in the United Kingdom under the age of 50 are not even allowed to get the Covid-19 vaccine anymore, but unvaccinated non-US citizens are still banned from entering the United States! @RWMaloneMD @CDCgov @WHCOVIDResponse @POTUS #covid #vaccine
Health	2023-01-30	@amyklobuchar TDS is not the only derangement syndrome (DS) running rampant. Theres your own #Abortion DS, but also #ClimateChange DS, #Vaccine DS, #WhiteSupremacy DS, #Transgender DS, #Inclusivity DS . All of these miserable pplIrrational, Driven, Brain Dead. God save us from the deranged.
Health	2023-01-30	Connect with us, Call: +91 9004857914 Email: mail@orionpr.in #HealthCareCommunications #PharmaBrand #PharmaBrandManager #MarketingManager #Director #Pharmaceuticals #Healthcare #diagnostics #ProductManager #BrandManager #CEO #PharmaMarketing #HealthcareMarketing #Vaccine #Drugs
Health	2023-01-30	Visit the Rivers State Primary Health Care Management Board at waterlines or the Health Care facility at your Local Government Area to vaccinate your eligible child against the rotavirus. #RSPHCMB #Rotavirus #vaccine #Immunization #Health #WHO #UNICEF #Eveafriquenews
Health	2023-01-30	@CTVNews Absolutely ridiculous OHIP no longer covers online docs 1st #LiberalsMustGo fire/force retired/make quit docs over #vaccine Etc A lot of us no longer have a doc NOW we have to PAY $50 per visit 4 a online doc WTF #TrudeauMustGoNow Last I checked I still live in Ont Canada #OHIP
Health	2023-01-30	I have had long conversations now with two hospitals in more than half a dozen visits Now they are worried and as stated, refused diagnosis, omissions medical records for years, #vaccine would be bad Two friends dead, one paralyzed half his body
Health	2023-01-30	@jathorpmfm Another #pfizer #mRNA #vaccine #clotshot #lethalinjection victim Media is in #gaslight mode @NBCNews @CNN @ABC @CBSNews @business @FoxNews @reuters @pfizer @albertbourla @ScottGottliebMD #fauci @US_FDA @cdcgov #Myocarditis #diedsuddenly #vaccinedeath #BigPharma
Health	2023-01-30	"Never forget the innocuous sounding term ""We are all in the Together"" was co-opted by the Globalists as their rallying cry to gain control of the entire population. Beware of anyone who utters this term, they are either evil or a sheep. #vaccine #Covid"
Health	2023-01-30	Absolutely ridiculous, OHIP no longer covers online docs 1st #LiberalsMustGo fire/force retired/make quit docs over the #vaccine so a lot of us no longer have a doc NOW we have to PAY $50 per visit 4 a online doc WTF #TrudeauMustGoNow
Health	2023-01-30	I believe that ALL of the people with SHIT BODIES AND SHIT MINDS should get the #COVID19 #vaccine. That's who it was made for. Biological weaklings.
Health	2023-01-30	@justjbates I am sensing this ends with friend sitting in an ER to get prescription for a government funded #vaccine. This is what life in #Ontario without family doctor becomes if one lives rurally where there are no walk-in medical services. The only place to access a doctor is ER.
Health	2023-01-30	@Jollyra32691822 @elitesbewarned #pfizer #mRNA #vaccine #clotshot #lethalinjection victim Media is in #gaslight mode @NBCNews @CNN @ABC @CBSNews @business @FoxNews @reuters @pfizer @albertbourla @ScottGottliebMD #fauci @US_FDA @cdcgov #Myocarditis #diedsuddenly #vaccinedeath #BigPharma
Health	2023-01-30	@AlbertBourla business opportunity - 10% off a heart defibrillator after your 5th booster. Thank me later #vaccine #Pfizer #covid
Health	2023-01-30	I've been following the #TwitterFiles &amp; would really like to know if the South African Gov also played a part in the censoring South Africans that spoke out against the #vaccine ? @Airborne4_Life @ALooterContinua @BrockRiddickIFB @ConCaracal @TonySantanaZA
Health	2023-01-30	@Joe7tinysteps @NickFerrariLBC If it turns out that there is some risk (albeit low) - and many studies are finding some - with the #vaccine, it's going to properly screw their endless 'vaccine rollout' lies.
Health	2023-01-30	#valleyfever the next scare to make you stay inside and get another #vaccine
Health	2023-01-30	@DjokerNole Thank you for being a light in the dark #covid_19 times! Saying no to the useless #vaccine was for many people a hard choice! #Australia doesn't deserve you! Congratulations!
Health	2023-01-30	How many people have been/are about to be laid off after being forced to get vaccinated in order to keep their jobs? #vaccine #diedsuddenly
Health	2023-01-30	A #Pfizer a day keeps the heart attacks at bay #covid #vaccine #brainwashed #thematrix
Health	2023-01-30	@OzraeliAvi How stupid are some of these tweets from the #vaccine brigade? We know it's a bitter pill that you mob fell for it when Government spoke... but look at the damages it's caused now because you believed every word! #FauciLiedMillionsDied
Health	2023-01-30	@TonyHinton2016 @POTUS They are unethical whatever the #Vaccine effectiveness. @TonyHinton2016 bodily autonomy is paramount - END OF.
Health	2023-01-30	@ZacharyLevi Well, you just assured that I will go see ShazamII in theaters! @DCComics pay attention! It took balls for Zack to speak out about @pfizer! @LandauDave @Timcast @hodgetwins #DamnSkippy2024 #vaccine facts are being denied!
Health	2023-01-30	Analysts expect #Pfizer's #COVID19 #vaccine sales to drop to $14.2 billion in 2023 from $34.1 billion in 2022. Let's see $PFE's earnings report tomorrow and their 2023 guidance. I expect a limited sell-off.
Health	2023-01-30	@TariniManhas @9NewsAUS @eddy_meyer It isnt lack of fear, mate, but rather the abundance of it. For the very #data also tells of people dying from heart attacks post these so called #vaccine shots. History forbids to believe every word coming out of the so called fancy pants. #CovidVaccines or #moneymakingideas
Health	2023-01-30	@healthbyjames #vaccine #vaccineinjuries #vaccinedeaths #FauciFiles #DepopulationAgenda #DiedSuddendly The best thing about the depopulation agenda.. Demonrats literally think the Covid vaccine works, are safe and effective and is just a conspiracy theory.
Health	2023-01-30	@danaparish 40 years of #lymeDisease corruption set the world up for bad #covid &amp; #vaccine outcomes. &amp; thats just one piece of all that the powerful behind #medicalIndistrialcomplex, #bioweapons, #foodIndustry, toxicity spread by federal &amp; corporate programs or benefit have done 4 the setup
Health	2023-01-30	@NaturallyFTW Another #pfizer #mRNA #vaccine #clotshot #deathshot #lethalinjection victim Media is in #gaslight mode #BigPharma @NBCNews @CNN @ABC @CBSNews @business @FoxNews @pfizer #Myocarditis #diedsuddenly #vaccinedeath @albertbourla @ScottGottliebMD #fauci @reuters @US_FDA @cdcgov
Health	2023-01-30	@choo_ek Checks &amp; balances. Meds tell an important story. This is why I counsel pts to have a written list of their current meds with doses by the front door or in phone to bring to #hospital #InCaseofEmergency
Health	2023-01-30	@joanyvaxxedpdx Why would she die from the #covid #vaccine? The vaccine is very safe ! I've had every jab and there's nothing wrong with me !
Health	2023-01-30	@Jimmy79111 @tohabebj @Seatree12 @MardyFish @DjokerNole Shouldn't you vaxxies be spending your last weeks/months on earth doing something productive #NovakDjokovic #vaccine
Health	2023-01-30	only half required #transplant #candidates to take a #COVID19 #vaccine regimen. The #vax can hardly be deemed #medically necessary if half of the responding #transplant centers are not #requiring it, said Deborah Catalono of the #Liberty #Counsel,
Health	2023-01-30	@healthbyjames My mom died after the 3rd #Pfizer #vaccine.
Health	2023-01-30	@FOXNRL #Vaccine injury no doubt
Health	2023-01-30	@BarryHunt008 @GoBlueReds @maosbot Disease is created within not without. Have you not yet noticed that no-one has had a #coronavirus #vaccine? The #vaccinated are breeding the new variants hence why the #unvaccinated are not getting ill. You can wear masks all you like but that's only preventing #Covid escape.
Health	2023-01-30	@sbach_ @OzraeliAvi Let's talk about irresponsible actions of Governments forcing an unapproved #vaccine in your arm without wanting to even look at any other data coming out that Doctors are very concerned about because it seems these #vaccines do not work and turns out they killing people! #WakeUp
Health	2023-01-30	Now,a little tweet for those acting like children with a tantrum! From now on, i won't do your homework for you! If you can tweet, you can also use google to find things out! Source screamers are very uneducated lazy people imo! #Ukraine #Covid #vaccine #WEF
Health	2023-01-30	It is a real place where all the wicked go who do not obey God! I've been there n a vision! REPENTNOW #vaccineinjuries #DiedSuddendly #suddenlycollapsed #VaccineDeath #vaccine #StoptheShotsNow #StopTheShots #VAXXED #shedding #VaccinesWork #AIDS #ProjectVeritas #Pfizer #bloodclots
Health	2023-01-30	@gatewaypundit Another #pfizer #mRNA #vaccine #clotshot #deathshot #lethalinjection victim Media is in #gaslight mode #BigPharma @NBCNews @CNN @ABC @CBSNews @business @FoxNews @pfizer #Myocarditis #diedsuddenly #vaccinedeath @albertbourla @ScottGottliebMD #fauci @reuters @US_FDA @cdcgov
Health	2023-01-30	@healthbyjames Nothing to see here. NOT! Not safe nor effective. #vaccine #vaccineinjuries #VaccineDeath
Health	2023-01-30	@9NewsAUS @eddy_meyer Call it a #vaccine but it does not work. It's like a drug you have to take all the time. They changed the definition since a vaccine is supposed to make you immune for life or many years not months! It is gene therapy and #pfizer boss knows it! #COVID19 #Covid
Health	2023-01-30	@DiedSuddenly_ Another #pfizer #mRNA #vaccine #clotshot #deathshot #lethalinjection victim Media is in #gaslight mode #BigPharma @NBCNews @CNN @ABC @CBSNews @business @FoxNews @pfizer #Myocarditis #diedsuddenly #vaccinedeath @albertbourla @ScottGottliebMD #fauci @reuters @US_FDA @cdcgov
Health	2023-01-30	@healthbyjames Real question Who got the #vaccine first then caught #COVID19 ...
Health	2023-01-30	@battleforeurope More #pfizer #mRNA #vaccine #clotshot #lethalinjection victims Media is in #gaslight mode @NBCNews @CNN @ABC @CBSNews @business @FoxNews @reuters @pfizer @albertbourla @ScottGottliebMD #fauci @US_FDA @cdcgov #Myocarditis #diedsuddenly #vaccinedeath #BigPharma
Health	2023-01-30	"With all these ""covid"" related cardiac arrests I'm seriously tempted to bang up a few litres of #Pfizer into my arm #covid #vaccine #cardiacarrest"
Health	2023-01-30	This is how bad the censorship has been. I saw this video at least one year ago. Doctors tried to warn you from the get go. People should be very angry at MSM and Big Tech. #Pfizer #PfizerFiles #pfizerdocuments #vaccineinjuries #VaccineDeaths #vaccine #VaccineSideEffects
Health	2023-01-30	Whether your livelihood depends on it or not, never willfully allow yourself to be injected with something that stipulates you cant be compensated in something goes wrong after injection. They set you all up SMH #vaccine #VaccineDeaths #Mystery #phizer
Health	2023-01-30	@SharylAttkisson I dont like polls, but I do know someone who faked a covid vaccine card so she could attend a large sporting event. We will never know the extent to which this was done. #vaccine
Health	2023-01-30	@danaparish Some people cant navigate all the lies &amp; corruption that have come out of the #medicalIndustrialComplex. They know #bigPharma, government health agencies, &amp; news media lied about the #vaccine &amp; didnt allow early #covid treatment but they dont know how long thats gone on for
Health	2023-01-30	@andyjak967 Another #pfizer #mRNA #vaccine #clotshot #lethalinjection victim Media is in #gaslight mode @NBCNews @CNN @ABC @CBSNews @business @FoxNews @reuters @pfizer @albertbourla @ScottGottliebMD #fauci @US_FDA @cdcgov #Myocarditis #diedsuddenly #vaccinedeath #BigPharma
Health	2023-01-30	Funny, how #BillGates came to watch #Djokovic playing at AO...despite both standing at extreme ends of #vaccine understanding.
Health	2023-01-30	KEY WORDS FROM #PATHAN: #AFGAHNISTAN #RUSSIA #TALIBAN #KASHMIR #TIRANGA #ISI #PAKISTAN SPAIN #PARIS #SALMANKHAN #SHAHRUKHKHAN #JOHNABRAHAM #DEEPIKAPADUKONE #VACCINE #VIRUS #RaktBeej #SPY
Health	2023-01-30	I tried another cleansing for the #vaccine #jab and it didnt work. I stopped today. Itll take 3-4 days to clean the crap out of my system. Spring Valley blood pressure support pills do not work. Walmart sells them. Another cleanse not worth the time. Anyone have suggestions?
Health	2023-01-30	#Science fiction is real and $cience is a fiction. #Covid #vaccine
Health	2023-01-30	@AmerMedicalAssn @AmerGastroAssn @AmCollegeGastro @ACPinternists Why is there so much stigma/apathy against #privatepractice physicians when they play such an important role in controlling costs vs the #hospital juggernauts? There is not enough being done to support them!!
Health	2023-01-30	#Gadar2 will be the highest grosser movie for 2023. Super duper mega Star #Sunnydeol Mark the date 11-08-2023 opening will be minimum 60cr. And #Animal &amp; #Vaccine not release this date Mark my words
Health	2023-01-30	@NataliaHodgins #vaccine s are the cause of #LongCovid
Health	2023-01-30	@barnes_law All his likely challengers continue to endorse the #Vaccine
Health	2023-01-30	Theres a word for being sold something that doesnt do what it claims to do. Theres a word for selling dangerous products. Theres a clear process to refund your money. Why arent Governments asking Pharma for our money back? #vaccineinjuries #vaccine #COVID19 #BigPharma
Health	2023-01-30	@RWMaloneMD Another #pfizer #mRNA #vaccine victim Media is in #gaslight mode @NBCNews @CNN @ABC @CBSNews @business @FoxNews @reuters @KertscherNews @pfizer @albertbourla @ScottGottliebMD @US_FDA @cdcgov #Myocarditis #diedsuddenly #vaccinedeath #BigPharma #fauci
Health	2023-01-30	values. #Medical #questions and #safety concerns aside, Barranco, a #Roman #Catholic, actually #refused the #vaccine on #religious grounds.
Health	2023-01-30	@HawleyMO So why is insulin so costly but the experimental spike protein shot IS free? Can you answer that? Or do you have blood on your hands too? END THE #vaccine MANDATES NOW.
Health	2023-01-30	@Jockadam8 @bruce_mcgonigal Now do the vaccinated #vaccine
Health	2023-01-30	i am doing an experiment. unvaccinated cum vs vaccinated cum, which do you think has more nutrients in it? #vaccine #nsfwtw #nsfw_twt #nsfwaccount
Health	2023-01-30	@ZacharyLevi #Covid-19 #vaccine makers are exempt from #liability under the #PREPAct but dont forget ALL vaccine makers have been exempt under the 1986 National Childhood #VaccineInjury Act. If you are hurt by this experiment, you cant sue.
Health	2023-01-30	@WorkmanLesley @PowerOfNeo #lyme patients are getting loud. The Feds have to negotiate pushing a #lymeDisease #vaccine out now after 40 years of lies about the # of cases, tests not working, geographic isolation, &amp; disabling nature of Lyme. &amp; the world has begun to suspect the fed government &amp; #bigPharma
Health	2023-01-30	Let me say this to all the people worried about the #Vaccine and shit how many of you smoke or sniff cocaine or take crack or any other drug get a grip of you're self you're paranoid have you seen what they grow weed in these days 12 chemicals just to get you stoned
Health	2023-01-30	@TexasRepublic71 Another #pfizer #mRNA #vaccine #clotshot #deathshot #lethalinjection victim Media is in #gaslight mode #BigPharma @NBCNews @CNN @ABC @CBSNews @business @FoxNews @pfizer #Myocarditis #diedsuddenly #vaccinedeath @albertbourla @ScottGottliebMD #fauci @reuters @US_FDA @cdcgov
Health	2023-01-30	"Wonder how many people are still getting a COVID ""booster"" this week? Love to see those #'s... #Vaccine #PfizerGate #vaccineinjuries #diedsuddenly #vaccinemandates"
Health	2023-01-30	@healthbyjames More common than people want to admit, not everything that should be reported with the data gets reported. @Research_Ethics @child_ethics @ClinTrialsJ @ethics_clinical #vaccine
Health	2023-01-30	1 shot 81.89% 2 shot 77.91% 3 shot 67.83% 5532 new positives #vaccino #vaccine #COVID19
Health	2023-01-30	@barnes_law The problem is @realDonaldTrump STILL endorses the #vaccine! Everyone was misled by #Fauci &amp; Co., but #Trump is the only one still endorsing despite ALL the #vaccineinjuries and #VaccineDeaths!
Health	2023-01-30	Anything else would be judgmental &amp; intolerant, a violation of civil rights and hate speech laws. The criminalization of heterosexuality would be a far easier way to limit the human population than released viruses by the #NIH &amp; #Pentagon &amp; deadly #vaccine mandates.
Health	2023-01-30	REAL #vaccine side effects should read: Autism braindamage ANY neurologicaldisorder(including down syndrome,miscarriage,retardation etc in pregnant WOMEN) DEATH convulsions cancer infertility random irreversible health conditions #SADS etc on&amp;on. Still want 1?! #vaccineinjuries
Health	2023-01-30	@RitaMcDougald6 WTF?! ... just like the government with their fuckin #vaccine! They're trying to CONTROL us!! F-That! I'm an AMERICAN! We are about #FREEDOM!
Health	2023-01-30	@justjbates Does @kflaph offer #shingles immunization clinic access for #seniors 65-70 without a family doctor and who live rurally - no access to walk-in clinics? I really hope our friends story doesnt end w/ attending hospital ER for a #vaccine prescription that is govt funded. #Ontario
Health	2023-01-30	@beakinderhuman @maxicat12 @MikeSington Lots of supposed2 out there but reality is who knows?Currently,that u can go online pushes much back on people2 do follow up which is very unreliable4 true info.need accurate complete data4 decisions-#Americans deserve solid info4safety in #medicine #vaccines #vaccine #Health
Health	2023-01-30	When asked if he thought the #vaccine would make any difference in his #prognosis, he replied, Yeah, the #vax can #kill me. To #qualify for a #transplant both of my #kidneys have to be functioning at 20 percent or less.
Health	2023-01-30	@Breedlove22 Good morning Robert! Every country/nation/nationality has a 'flag', where can I order one from Bitcoin? I have the #BTC passport, &amp; taken the #vaccine , only the flag is missing.
Health	2023-01-30	Unfortunately I had to witness my 95 year old neighbor (God bless you bessie) get wheeled out of her house on a stretcher. She died shortly after. Dont get the vaccine, it is killing people left and right. Bessie deserved better. #vaccine #antivax
Health	2023-01-30	@jathorpmfm More #pfizer #mRNA #vaccine #clotshot #lethalinjection victims Media is in #gaslight mode @NBCNews @CNN @ABC @CBSNews @business @FoxNews @reuters @pfizer @albertbourla @ScottGottliebMD #fauci @US_FDA @cdcgov #Myocarditis #diedsuddenly #vaccinedeath #BigPharma
Health	2023-01-30	4/4 ... Key Stakeholders in attendance include the Ministry of Health (MoH), Ghana Health Service (GHS), Noguchi Memorial for Medical Research - Legon, National COVID-19 Trust Fund (NCTF), CSOs in Health and a wide range of Civil Society Organisations. #vaccine #COVID19
Health	2023-01-30	All of the people involved have gotten bigger down the line. They each get in for their own agenda. No matter the price everyone pays. They have or all ready were convinced that they are smarter and more capable of making the right decisions for all. #Vaccine #MoonShot #Selfish
Health	2023-01-30	#genocide by #vaccine ...Just FYI
Health	2023-01-30	@DjokerNole CONGRATULATIONS! You showed those #Vaccine Control Freaks!
Health	2023-01-30	@healthbyjames Me ! An 8 day head cold - Wheras the Covid #vaccine has ruined my health &amp; its looking like long term
Health	2023-01-30	@DavidJoffe64 @CrabbBrendan Let us get a fifth vaccine! #Covid #Vaccine
Health	2023-01-30	@piersmorgan Have you questioned the vaccine effectiveness or regret having it and would you have another one ? #vaccine
Health	2023-01-30	The Truth is like Cryptonite at this point in Time and you cant Stop It. Human Outrage is occurring at the end of a Hyperdermic Needle. Dr. Peter McCullough @P_McCulloughMD #vaccine #VaccineSideEffects
Health	2023-01-30	@ABDanielleSmith Unvaccinated people as been remove from transplant waiting list because of you!!! Still mask mandate in hospital!!! Sudden death is not happening to unvax!!! WORLD ECONOMIC FORUM control canadian goverment!!! PFIZER DIRECTOR VIRAL VIDEO!!!#DanielleSmithIsUnfitToLead #vaccine
Health	2023-01-30	@backtolife_2023 @tme_toni I thought the pro #vaccine people wanted depopulation. If so then why do they care about people getting vaccines which supposedly saves lives?
Health	2023-01-30	@LibertyLockPod @ttmalek Easily.... but not the way they informed us. COVID has all but disappeared in low vaccinated countries but rebounding in heavily vaccinated countries. This is due to Antibody-Dependent Enhancement (#ADE). It literally is now the pandemic of the vaccinated. #vaccine #diedsuddenly
Health	2023-01-30	"Top SA #HIV clinicians are setting their sights on different approaches to finding an #HIV #vaccine after the ""disappointing"" news that the #Mosaico trial was stopped early because the vaccine did not show any efficacy. @MRCza @SA_VacciNation @HIVpxresearch @IAVI @CAPRISAOfficial"
Health	2023-01-30	@MaxwellFrostFL @davidhogg111 TDS is not the only derangement syndrome (DS) running rampant. Theres your own #WhiteSupremacy DS, but also #ClimateChange DS, #Vaccine DS, #Abortion DS, #Transgender DS, #Inclusivity DS . All of these miserable pplIrrational, Driven, Brain Dead. God save us from the deranged.
Health	2023-01-30	From the 12th of February, people in the United Kingdom under the age of 50 are not even allowed to get the Covid-19 vaccine anymore, but unvaccinated non-US citizens are still banned from entering the United States! @RWMaloneMD @CDCgov @WHCOVIDResponse @POTUS #covid #vaccine
Health	2023-01-30	@amyklobuchar TDS is not the only derangement syndrome (DS) running rampant. Theres your own #Abortion DS, but also #ClimateChange DS, #Vaccine DS, #WhiteSupremacy DS, #Transgender DS, #Inclusivity DS . All of these miserable pplIrrational, Driven, Brain Dead. God save us from the deranged.
Health	2023-01-30	Connect with us, Call: +91 9004857914 Email: mail@orionpr.in #HealthCareCommunications #PharmaBrand #PharmaBrandManager #MarketingManager #Director #Pharmaceuticals #Healthcare #diagnostics #ProductManager #BrandManager #CEO #PharmaMarketing #HealthcareMarketing #Vaccine #Drugs
Health	2023-01-30	Visit the Rivers State Primary Health Care Management Board at waterlines or the Health Care facility at your Local Government Area to vaccinate your eligible child against the rotavirus. #RSPHCMB #Rotavirus #vaccine #Immunization #Health #WHO #UNICEF #Eveafriquenews
Health	2023-01-30	@CTVNews Absolutely ridiculous OHIP no longer covers online docs 1st #LiberalsMustGo fire/force retired/make quit docs over #vaccine Etc A lot of us no longer have a doc NOW we have to PAY $50 per visit 4 a online doc WTF #TrudeauMustGoNow Last I checked I still live in Ont Canada #OHIP
Health	2023-01-30	I have had long conversations now with two hospitals in more than half a dozen visits Now they are worried and as stated, refused diagnosis, omissions medical records for years, #vaccine would be bad Two friends dead, one paralyzed half his body
Health	2023-01-30	@jathorpmfm Another #pfizer #mRNA #vaccine #clotshot #lethalinjection victim Media is in #gaslight mode @NBCNews @CNN @ABC @CBSNews @business @FoxNews @reuters @pfizer @albertbourla @ScottGottliebMD #fauci @US_FDA @cdcgov #Myocarditis #diedsuddenly #vaccinedeath #BigPharma
Health	2023-01-30	"Never forget the innocuous sounding term ""We are all in the Together"" was co-opted by the Globalists as their rallying cry to gain control of the entire population. Beware of anyone who utters this term, they are either evil or a sheep. #vaccine #Covid"
Health	2023-01-30	Absolutely ridiculous, OHIP no longer covers online docs 1st #LiberalsMustGo fire/force retired/make quit docs over the #vaccine so a lot of us no longer have a doc NOW we have to PAY $50 per visit 4 a online doc WTF #TrudeauMustGoNow
Health	2023-01-30	I believe that ALL of the people with SHIT BODIES AND SHIT MINDS should get the #COVID19 #vaccine. That's who it was made for. Biological weaklings.
Health	2023-01-30	@justjbates I am sensing this ends with friend sitting in an ER to get prescription for a government funded #vaccine. This is what life in #Ontario without family doctor becomes if one lives rurally where there are no walk-in medical services. The only place to access a doctor is ER.
Health	2023-01-30	@Jollyra32691822 @elitesbewarned #pfizer #mRNA #vaccine #clotshot #lethalinjection victim Media is in #gaslight mode @NBCNews @CNN @ABC @CBSNews @business @FoxNews @reuters @pfizer @albertbourla @ScottGottliebMD #fauci @US_FDA @cdcgov #Myocarditis #diedsuddenly #vaccinedeath #BigPharma
Health	2023-01-30	@AlbertBourla business opportunity - 10% off a heart defibrillator after your 5th booster. Thank me later #vaccine #Pfizer #covid
Health	2023-01-30	I've been following the #TwitterFiles &amp; would really like to know if the South African Gov also played a part in the censoring South Africans that spoke out against the #vaccine ? @Airborne4_Life @ALooterContinua @BrockRiddickIFB @ConCaracal @TonySantanaZA
Health	2023-01-30	@Joe7tinysteps @NickFerrariLBC If it turns out that there is some risk (albeit low) - and many studies are finding some - with the #vaccine, it's going to properly screw their endless 'vaccine rollout' lies.
Health	2023-01-30	#valleyfever the next scare to make you stay inside and get another #vaccine
Health	2023-01-30	@DjokerNole Thank you for being a light in the dark #covid_19 times! Saying no to the useless #vaccine was for many people a hard choice! #Australia doesn't deserve you! Congratulations!
Health	2023-01-30	How many people have been/are about to be laid off after being forced to get vaccinated in order to keep their jobs? #vaccine #diedsuddenly
Health	2023-01-30	A #Pfizer a day keeps the heart attacks at bay #covid #vaccine #brainwashed #thematrix
Health	2023-01-30	@OzraeliAvi How stupid are some of these tweets from the #vaccine brigade? We know it's a bitter pill that you mob fell for it when Government spoke... but look at the damages it's caused now because you believed every word! #FauciLiedMillionsDied
Health	2023-01-30	@TonyHinton2016 @POTUS They are unethical whatever the #Vaccine effectiveness. @TonyHinton2016 bodily autonomy is paramount - END OF.
Health	2023-01-30	@ZacharyLevi Well, you just assured that I will go see ShazamII in theaters! @DCComics pay attention! It took balls for Zack to speak out about @pfizer! @LandauDave @Timcast @hodgetwins #DamnSkippy2024 #vaccine facts are being denied!
Health	2023-01-30	Analysts expect #Pfizer's #COVID19 #vaccine sales to drop to $14.2 billion in 2023 from $34.1 billion in 2022. Let's see $PFE's earnings report tomorrow and their 2023 guidance. I expect a limited sell-off.
Health	2023-01-30	@TariniManhas @9NewsAUS @eddy_meyer It isnt lack of fear, mate, but rather the abundance of it. For the very #data also tells of people dying from heart attacks post these so called #vaccine shots. History forbids to believe every word coming out of the so called fancy pants. #CovidVaccines or #moneymakingideas
Health	2023-01-30	@healthbyjames #vaccine #vaccineinjuries #vaccinedeaths #FauciFiles #DepopulationAgenda #DiedSuddendly The best thing about the depopulation agenda.. Demonrats literally think the Covid vaccine works, are safe and effective and is just a conspiracy theory.
Health	2023-01-30	@danaparish 40 years of #lymeDisease corruption set the world up for bad #covid &amp; #vaccine outcomes. &amp; thats just one piece of all that the powerful behind #medicalIndistrialcomplex, #bioweapons, #foodIndustry, toxicity spread by federal &amp; corporate programs or benefit have done 4 the setup
Health	2023-01-30	@NaturallyFTW Another #pfizer #mRNA #vaccine #clotshot #deathshot #lethalinjection victim Media is in #gaslight mode #BigPharma @NBCNews @CNN @ABC @CBSNews @business @FoxNews @pfizer #Myocarditis #diedsuddenly #vaccinedeath @albertbourla @ScottGottliebMD #fauci @reuters @US_FDA @cdcgov
Health	2023-01-30	@choo_ek Checks &amp; balances. Meds tell an important story. This is why I counsel pts to have a written list of their current meds with doses by the front door or in phone to bring to #hospital #InCaseofEmergency
Health	2023-01-30	@joanyvaxxedpdx Why would she die from the #covid #vaccine? The vaccine is very safe ! I've had every jab and there's nothing wrong with me !
Health	2023-01-30	@Jimmy79111 @tohabebj @Seatree12 @MardyFish @DjokerNole Shouldn't you vaxxies be spending your last weeks/months on earth doing something productive #NovakDjokovic #vaccine
Health	2023-01-30	only half required #transplant #candidates to take a #COVID19 #vaccine regimen. The #vax can hardly be deemed #medically necessary if half of the responding #transplant centers are not #requiring it, said Deborah Catalono of the #Liberty #Counsel,
Health	2023-01-30	@healthbyjames My mom died after the 3rd #Pfizer #vaccine.
Health	2023-01-30	@FOXNRL #Vaccine injury no doubt
Health	2023-01-30	@BarryHunt008 @GoBlueReds @maosbot Disease is created within not without. Have you not yet noticed that no-one has had a #coronavirus #vaccine? The #vaccinated are breeding the new variants hence why the #unvaccinated are not getting ill. You can wear masks all you like but that's only preventing #Covid escape.
Health	2023-01-30	@sbach_ @OzraeliAvi Let's talk about irresponsible actions of Governments forcing an unapproved #vaccine in your arm without wanting to even look at any other data coming out that Doctors are very concerned about because it seems these #vaccines do not work and turns out they killing people! #WakeUp
Health	2023-01-30	Now,a little tweet for those acting like children with a tantrum! From now on, i won't do your homework for you! If you can tweet, you can also use google to find things out! Source screamers are very uneducated lazy people imo! #Ukraine #Covid #vaccine #WEF
Health	2023-01-30	It is a real place where all the wicked go who do not obey God! I've been there n a vision! REPENTNOW #vaccineinjuries #DiedSuddendly #suddenlycollapsed #VaccineDeath #vaccine #StoptheShotsNow #StopTheShots #VAXXED #shedding #VaccinesWork #AIDS #ProjectVeritas #Pfizer #bloodclots
Health	2023-01-30	@gatewaypundit Another #pfizer #mRNA #vaccine #clotshot #deathshot #lethalinjection victim Media is in #gaslight mode #BigPharma @NBCNews @CNN @ABC @CBSNews @business @FoxNews @pfizer #Myocarditis #diedsuddenly #vaccinedeath @albertbourla @ScottGottliebMD #fauci @reuters @US_FDA @cdcgov
Health	2023-01-30	@healthbyjames Nothing to see here. NOT! Not safe nor effective. #vaccine #vaccineinjuries #VaccineDeath
Health	2023-01-30	@9NewsAUS @eddy_meyer Call it a #vaccine but it does not work. It's like a drug you have to take all the time. They changed the definition since a vaccine is supposed to make you immune for life or many years not months! It is gene therapy and #pfizer boss knows it! #COVID19 #Covid
Health	2023-01-30	@DiedSuddenly_ Another #pfizer #mRNA #vaccine #clotshot #deathshot #lethalinjection victim Media is in #gaslight mode #BigPharma @NBCNews @CNN @ABC @CBSNews @business @FoxNews @pfizer #Myocarditis #diedsuddenly #vaccinedeath @albertbourla @ScottGottliebMD #fauci @reuters @US_FDA @cdcgov
Health	2023-01-30	@healthbyjames Real question Who got the #vaccine first then caught #COVID19 ...
Health	2023-01-30	@battleforeurope More #pfizer #mRNA #vaccine #clotshot #lethalinjection victims Media is in #gaslight mode @NBCNews @CNN @ABC @CBSNews @business @FoxNews @reuters @pfizer @albertbourla @ScottGottliebMD #fauci @US_FDA @cdcgov #Myocarditis #diedsuddenly #vaccinedeath #BigPharma
Health	2023-01-30	"With all these ""covid"" related cardiac arrests I'm seriously tempted to bang up a few litres of #Pfizer into my arm #covid #vaccine #cardiacarrest"
Health	2023-01-30	This is how bad the censorship has been. I saw this video at least one year ago. Doctors tried to warn you from the get go. People should be very angry at MSM and Big Tech. #Pfizer #PfizerFiles #pfizerdocuments #vaccineinjuries #VaccineDeaths #vaccine #VaccineSideEffects
Health	2023-01-30	Whether your livelihood depends on it or not, never willfully allow yourself to be injected with something that stipulates you cant be compensated in something goes wrong after injection. They set you all up SMH #vaccine #VaccineDeaths #Mystery #phizer
Health	2023-01-30	@SharylAttkisson I dont like polls, but I do know someone who faked a covid vaccine card so she could attend a large sporting event. We will never know the extent to which this was done. #vaccine
Health	2023-01-30	@danaparish Some people cant navigate all the lies &amp; corruption that have come out of the #medicalIndustrialComplex. They know #bigPharma, government health agencies, &amp; news media lied about the #vaccine &amp; didnt allow early #covid treatment but they dont know how long thats gone on for
Health	2023-01-30	@andyjak967 Another #pfizer #mRNA #vaccine #clotshot #lethalinjection victim Media is in #gaslight mode @NBCNews @CNN @ABC @CBSNews @business @FoxNews @reuters @pfizer @albertbourla @ScottGottliebMD #fauci @US_FDA @cdcgov #Myocarditis #diedsuddenly #vaccinedeath #BigPharma
Health	2023-01-30	Funny, how #BillGates came to watch #Djokovic playing at AO...despite both standing at extreme ends of #vaccine understanding.
Health	2023-01-30	KEY WORDS FROM #PATHAN: #AFGAHNISTAN #RUSSIA #TALIBAN #KASHMIR #TIRANGA #ISI #PAKISTAN SPAIN #PARIS #SALMANKHAN #SHAHRUKHKHAN #JOHNABRAHAM #DEEPIKAPADUKONE #VACCINE #VIRUS #RaktBeej #SPY
Health	2023-01-30	I tried another cleansing for the #vaccine #jab and it didnt work. I stopped today. Itll take 3-4 days to clean the crap out of my system. Spring Valley blood pressure support pills do not work. Walmart sells them. Another cleanse not worth the time. Anyone have suggestions?
Health	2023-01-30	#Science fiction is real and $cience is a fiction. #Covid #vaccine
Health	2023-01-30	@AmerMedicalAssn @AmerGastroAssn @AmCollegeGastro @ACPinternists Why is there so much stigma/apathy against #privatepractice physicians when they play such an important role in controlling costs vs the #hospital juggernauts? There is not enough being done to support them!!
Health	2023-01-30	#Gadar2 will be the highest grosser movie for 2023. Super duper mega Star #Sunnydeol Mark the date 11-08-2023 opening will be minimum 60cr. And #Animal &amp; #Vaccine not release this date Mark my words
Health	2023-01-30	@NataliaHodgins #vaccine s are the cause of #LongCovid
Health	2023-01-30	@barnes_law All his likely challengers continue to endorse the #Vaccine
Health	2023-01-30	Theres a word for being sold something that doesnt do what it claims to do. Theres a word for selling dangerous products. Theres a clear process to refund your money. Why arent Governments asking Pharma for our money back? #vaccineinjuries #vaccine #COVID19 #BigPharma
Health	2023-01-30	@RWMaloneMD Another #pfizer #mRNA #vaccine victim Media is in #gaslight mode @NBCNews @CNN @ABC @CBSNews @business @FoxNews @reuters @KertscherNews @pfizer @albertbourla @ScottGottliebMD @US_FDA @cdcgov #Myocarditis #diedsuddenly #vaccinedeath #BigPharma #fauci
Health	2023-01-30	values. #Medical #questions and #safety concerns aside, Barranco, a #Roman #Catholic, actually #refused the #vaccine on #religious grounds.
Health	2023-01-30	@HawleyMO So why is insulin so costly but the experimental spike protein shot IS free? Can you answer that? Or do you have blood on your hands too? END THE #vaccine MANDATES NOW.
Health	2023-01-30	@Jockadam8 @bruce_mcgonigal Now do the vaccinated #vaccine
Health	2023-01-30	i am doing an experiment. unvaccinated cum vs vaccinated cum, which do you think has more nutrients in it? #vaccine #nsfwtw #nsfw_twt #nsfwaccount
Health	2023-01-30	@ZacharyLevi #Covid-19 #vaccine makers are exempt from #liability under the #PREPAct but dont forget ALL vaccine makers have been exempt under the 1986 National Childhood #VaccineInjury Act. If you are hurt by this experiment, you cant sue.
Health	2023-01-30	@WorkmanLesley @PowerOfNeo #lyme patients are getting loud. The Feds have to negotiate pushing a #lymeDisease #vaccine out now after 40 years of lies about the # of cases, tests not working, geographic isolation, &amp; disabling nature of Lyme. &amp; the world has begun to suspect the fed government &amp; #bigPharma
Health	2023-01-30	Let me say this to all the people worried about the #Vaccine and shit how many of you smoke or sniff cocaine or take crack or any other drug get a grip of you're self you're paranoid have you seen what they grow weed in these days 12 chemicals just to get you stoned
Health	2023-01-30	@TexasRepublic71 Another #pfizer #mRNA #vaccine #clotshot #deathshot #lethalinjection victim Media is in #gaslight mode #BigPharma @NBCNews @CNN @ABC @CBSNews @business @FoxNews @pfizer #Myocarditis #diedsuddenly #vaccinedeath @albertbourla @ScottGottliebMD #fauci @reuters @US_FDA @cdcgov
Health	2023-01-30	"Wonder how many people are still getting a COVID ""booster"" this week? Love to see those #'s... #Vaccine #PfizerGate #vaccineinjuries #diedsuddenly #vaccinemandates"
Health	2023-01-30	@healthbyjames More common than people want to admit, not everything that should be reported with the data gets reported. @Research_Ethics @child_ethics @ClinTrialsJ @ethics_clinical #vaccine
Health	2023-01-30	1 shot 81.89% 2 shot 77.91% 3 shot 67.83% 5532 new positives #vaccino #vaccine #COVID19
Health	2023-01-30	@barnes_law The problem is @realDonaldTrump STILL endorses the #vaccine! Everyone was misled by #Fauci &amp; Co., but #Trump is the only one still endorsing despite ALL the #vaccineinjuries and #VaccineDeaths!
Health	2023-01-30	Anything else would be judgmental &amp; intolerant, a violation of civil rights and hate speech laws. The criminalization of heterosexuality would be a far easier way to limit the human population than released viruses by the #NIH &amp; #Pentagon &amp; deadly #vaccine mandates.
Health	2023-01-30	REAL #vaccine side effects should read: Autism braindamage ANY neurologicaldisorder(including down syndrome,miscarriage,retardation etc in pregnant WOMEN) DEATH convulsions cancer infertility random irreversible health conditions #SADS etc on&amp;on. Still want 1?! #vaccineinjuries
Health	2023-01-30	@RitaMcDougald6 WTF?! ... just like the government with their fuckin #vaccine! They're trying to CONTROL us!! F-That! I'm an AMERICAN! We are about #FREEDOM!
Health	2023-01-30	@justjbates Does @kflaph offer #shingles immunization clinic access for #seniors 65-70 without a family doctor and who live rurally - no access to walk-in clinics? I really hope our friends story doesnt end w/ attending hospital ER for a #vaccine prescription that is govt funded. #Ontario
Health	2023-01-30	@beakinderhuman @maxicat12 @MikeSington Lots of supposed2 out there but reality is who knows?Currently,that u can go online pushes much back on people2 do follow up which is very unreliable4 true info.need accurate complete data4 decisions-#Americans deserve solid info4safety in #medicine #vaccines #vaccine #Health
Health	2023-01-30	When asked if he thought the #vaccine would make any difference in his #prognosis, he replied, Yeah, the #vax can #kill me. To #qualify for a #transplant both of my #kidneys have to be functioning at 20 percent or less.
Health	2023-01-30	@Breedlove22 Good morning Robert! Every country/nation/nationality has a 'flag', where can I order one from Bitcoin? I have the #BTC passport, &amp; taken the #vaccine , only the flag is missing.
Health	2023-01-30	Unfortunately I had to witness my 95 year old neighbor (God bless you bessie) get wheeled out of her house on a stretcher. She died shortly after. Dont get the vaccine, it is killing people left and right. Bessie deserved better. #vaccine #antivax
Health	2023-01-30	@jathorpmfm More #pfizer #mRNA #vaccine #clotshot #lethalinjection victims Media is in #gaslight mode @NBCNews @CNN @ABC @CBSNews @business @FoxNews @reuters @pfizer @albertbourla @ScottGottliebMD #fauci @US_FDA @cdcgov #Myocarditis #diedsuddenly #vaccinedeath #BigPharma
Health	2023-01-30	4/4 ... Key Stakeholders in attendance include the Ministry of Health (MoH), Ghana Health Service (GHS), Noguchi Memorial for Medical Research - Legon, National COVID-19 Trust Fund (NCTF), CSOs in Health and a wide range of Civil Society Organisations. #vaccine #COVID19
Health	2023-01-30	All of the people involved have gotten bigger down the line. They each get in for their own agenda. No matter the price everyone pays. They have or all ready were convinced that they are smarter and more capable of making the right decisions for all. #Vaccine #MoonShot #Selfish
Health	2023-01-30	#genocide by #vaccine ...Just FYI
Health	2023-01-30	@DjokerNole CONGRATULATIONS! You showed those #Vaccine Control Freaks!
Health	2023-01-30	@healthbyjames Me ! An 8 day head cold - Wheras the Covid #vaccine has ruined my health &amp; its looking like long term
Health	2023-01-30	@DavidJoffe64 @CrabbBrendan Let us get a fifth vaccine! #Covid #Vaccine
Health	2023-01-30	@piersmorgan Have you questioned the vaccine effectiveness or regret having it and would you have another one ? #vaccine
Health	2023-01-30	The Truth is like Cryptonite at this point in Time and you cant Stop It. Human Outrage is occurring at the end of a Hyperdermic Needle. Dr. Peter McCullough @P_McCulloughMD #vaccine #VaccineSideEffects
Health	2023-01-30	@ABDanielleSmith Unvaccinated people as been remove from transplant waiting list because of you!!! Still mask mandate in hospital!!! Sudden death is not happening to unvax!!! WORLD ECONOMIC FORUM control canadian goverment!!! PFIZER DIRECTOR VIRAL VIDEO!!!#DanielleSmithIsUnfitToLead #vaccine
Health	2023-01-30	@backtolife_2023 @tme_toni I thought the pro #vaccine people wanted depopulation. If so then why do they care about people getting vaccines which supposedly saves lives?
Health	2023-01-30	@LibertyLockPod @ttmalek Easily.... but not the way they informed us. COVID has all but disappeared in low vaccinated countries but rebounding in heavily vaccinated countries. This is due to Antibody-Dependent Enhancement (#ADE). It literally is now the pandemic of the vaccinated. #vaccine #diedsuddenly
Health	2023-01-30	"Top SA #HIV clinicians are setting their sights on different approaches to finding an #HIV #vaccine after the ""disappointing"" news that the #Mosaico trial was stopped early because the vaccine did not show any efficacy. @MRCza @SA_VacciNation @HIVpxresearch @IAVI @CAPRISAOfficial"
Health	2023-01-30	@MaxwellFrostFL @davidhogg111 TDS is not the only derangement syndrome (DS) running rampant. Theres your own #WhiteSupremacy DS, but also #ClimateChange DS, #Vaccine DS, #Abortion DS, #Transgender DS, #Inclusivity DS . All of these miserable pplIrrational, Driven, Brain Dead. God save us from the deranged.
Health	2023-01-30	From the 12th of February, people in the United Kingdom under the age of 50 are not even allowed to get the Covid-19 vaccine anymore, but unvaccinated non-US citizens are still banned from entering the United States! @RWMaloneMD @CDCgov @WHCOVIDResponse @POTUS #covid #vaccine
Health	2023-01-30	@amyklobuchar TDS is not the only derangement syndrome (DS) running rampant. Theres your own #Abortion DS, but also #ClimateChange DS, #Vaccine DS, #WhiteSupremacy DS, #Transgender DS, #Inclusivity DS . All of these miserable pplIrrational, Driven, Brain Dead. God save us from the deranged.
Finance	2023-01-30	@AmNohbdy @AppleTV In terms of credit matters I am positive @AppleTVPlus do better #share business than #Netflix in S.Korea where @ActorLeeMinHo is based on.
Finance	2023-01-30	2) #Share of central excise duty in total tobacco taxes decreases from pre-GST at 54% to post-GST at 8% only. 3) #inflation indexing for tax rates applied on tobacco products not done accurately
Finance	2023-01-30	Streaming tomorrow at 8 am. See yall then. #SupportSmallStreamers #twitchstreamer #gaming #follow #share #PlayStation #MW2 #Fortnite #ApexLedgends #twitch
Finance	2023-01-30	#WORLD MARKET UPDATE:- #NASDAQ-11,621.71 ,+109.30; #DOWJONES-33,978.08 ,+28.67; #HANGSENG-22,415.95 ,-272.95; #NIKKEI- 27,450.05 ,+67.49; #SGXNIFTY-17,670.00 ,-19.50; #USDINR-81.54 ; #stock #share #nse #bse #sell #buy #index #bank #banknifty #nifty #loss
Finance	2023-01-30	"#Focus - ; ""Success is focusing the full power of all you are on what you have a burning desire to achieve."" - Wilferd A. Peterson #quote #share"
Finance	2023-01-30	#NewsUpdate :- #Sensex, Nifty underperform global equity indices in January Both #Sensex and #Nifty have declined 2 percent each in #January so far. Major equity #markets started gaining since the #start of this #year. #stock #share #nse #bse #sell #buy #index #bank #banknifty
Finance	2023-01-30	Dear #writerscommunity, #writerslift and #readingcommunity! Its Sunday night ! Lets have a late night #lift! #writers/#readers lift that is! Share your #books, #blogs, #podcasts, #webcasts #support #follow and #share! Heres to us night !
Finance	2023-01-30	#paid_level :- INDEX OPTION: BUY #NIFTYBANK 39600 PE 2ND FEB ABOVE 320,SL 250,T1 380,T2 440 INDEX OPTION FOLLOWUP: 1ST TGT HIT IN #NIFTYBANK 39600 PE 2ND FEB,BOOK PROFIT #stock #share #nse #bse #sell #buy #index #bank #banknifty #nifty #loss
Finance	2023-01-30	#fight #girlfights #funny #share #followme #squareup #squabbleup #hoodfights #dragged #beattfup #knockout #ghetto #fighting #streetfights #terriblequality #Speakerofthehouse #Imaooo Maturity is when you realise hasna aur khush hona different cheezein hai
Finance	2023-01-30	Youtube ; ; Drakula Da Don #Subscribe #Share #Like
Finance	2023-01-30	#OPENING BELL:- #NIFTY OPEN- 17541.95 ,-62.40 POINTS DOWN #BANKNIFTY OPEN-39856.15 ,-489.15 POINTS DOWN #SENSEX OPEN- 59101.69 , -229.91 POINTS DOWN #stock #share #nse #bse #sell #buy #index #bank #banknifty #nifty #loss
Finance	2023-01-30	im looking for 2 new brand ambassadors for makeup -free full faces -must be active on social media &amp; promote daily -must be able to let me do freestyles and etc #share
Finance	2023-01-30	@sagaermajithia @elonmusk @TwitterSupport I've #thought long and hard about that #problem, Sagaer, it's why, I believe, the best way to #overcome it is by offering #lots of #services which will #share the #cost to #build out (or #buy) to make it happen. It would be #fun.
Finance	2023-01-30	#PennyStock Madhav Infra Projects Ltd - keep an eye #NSE #BSE #Nifty50 #DalalStreet #Share #sharemarket #stocks #StockMarket #StocksToBuy #StockMarketindia #stockstowatch #stocks #ALERT #pennystocks #nseindia #StockMarkets #stockstowatch #sharemarketindia #Madhavipl #investing
Finance	2023-01-30	1AR POSOTIONAL BUY EMAMILTD BETWEEN 440-443 SL 425 TARGET 470 #posotionaltrading #stockmarkets #share #Target
Finance	2023-01-30	#BreakingNews :- #Adani's $2.5 billion share sale faces #crucial day after rout #Seven listed companies #belonging to the #Adani conglomerate, which is led by #Asia's richest man, saw sharp falls in their #values. #stock #share #nse #bse #sell #buy #index #bank #banknifty
Finance	2023-01-30	@AmNohbdy @AppleTV In terms of credit matters I am positive @AppleTVPlus do better #share business than #Netflix in S.Korea where @ActorLeeMinHo is based on.
Finance	2023-01-30	2) #Share of central excise duty in total tobacco taxes decreases from pre-GST at 54% to post-GST at 8% only. 3) #inflation indexing for tax rates applied on tobacco products not done accurately
Finance	2023-01-30	We can use the #stoploss on the selection of companies that we are going to choose for #investing our money instead of putting a stoploss on #stock price We are in #StockMarketindia to make money.
Finance	2023-01-30	Streaming tomorrow at 8 am. See yall then. #SupportSmallStreamers #twitchstreamer #gaming #follow #share #PlayStation #MW2 #Fortnite #ApexLedgends #twitch
Finance	2023-01-30	#WORLD MARKET UPDATE:- #NASDAQ-11,621.71 ,+109.30; #DOWJONES-33,978.08 ,+28.67; #HANGSENG-22,415.95 ,-272.95; #NIKKEI- 27,450.05 ,+67.49; #SGXNIFTY-17,670.00 ,-19.50; #USDINR-81.54 ; #stock #share #nse #bse #sell #buy #index #bank #banknifty #nifty #loss
Finance	2023-01-30	"#Focus - ; ""Success is focusing the full power of all you are on what you have a burning desire to achieve."" - Wilferd A. Peterson #quote #share"
Finance	2023-01-30	#NewsUpdate :- #Sensex, Nifty underperform global equity indices in January Both #Sensex and #Nifty have declined 2 percent each in #January so far. Major equity #markets started gaining since the #start of this #year. #stock #share #nse #bse #sell #buy #index #bank #banknifty
Finance	2023-01-30	Dear #writerscommunity, #writerslift and #readingcommunity! Its Sunday night ! Lets have a late night #lift! #writers/#readers lift that is! Share your #books, #blogs, #podcasts, #webcasts #support #follow and #share! Heres to us night !
Finance	2023-01-30	#paid_level :- INDEX OPTION: BUY #NIFTYBANK 39600 PE 2ND FEB ABOVE 320,SL 250,T1 380,T2 440 INDEX OPTION FOLLOWUP: 1ST TGT HIT IN #NIFTYBANK 39600 PE 2ND FEB,BOOK PROFIT #stock #share #nse #bse #sell #buy #index #bank #banknifty #nifty #loss
Finance	2023-01-30	#fight #girlfights #funny #share #followme #squareup #squabbleup #hoodfights #dragged #beattfup #knockout #ghetto #fighting #streetfights #terriblequality #Speakerofthehouse #Imaooo Maturity is when you realise hasna aur khush hona different cheezein hai
Finance	2023-01-30	Youtube ; ; Drakula Da Don #Subscribe #Share #Like
Finance	2023-01-30	#OPENING BELL:- #NIFTY OPEN- 17541.95 ,-62.40 POINTS DOWN #BANKNIFTY OPEN-39856.15 ,-489.15 POINTS DOWN #SENSEX OPEN- 59101.69 , -229.91 POINTS DOWN #stock #share #nse #bse #sell #buy #index #bank #banknifty #nifty #loss
Finance	2023-01-30	im looking for 2 new brand ambassadors for makeup -free full faces -must be active on social media &amp; promote daily -must be able to let me do freestyles and etc #share
Finance	2023-01-30	@sagaermajithia @elonmusk @TwitterSupport I've #thought long and hard about that #problem, Sagaer, it's why, I believe, the best way to #overcome it is by offering #lots of #services which will #share the #cost to #build out (or #buy) to make it happen. It would be #fun.
Finance	2023-01-30	#PennyStock Madhav Infra Projects Ltd - keep an eye #NSE #BSE #Nifty50 #DalalStreet #Share #sharemarket #stocks #StockMarket #StocksToBuy #StockMarketindia #stockstowatch #stocks #ALERT #pennystocks #nseindia #StockMarkets #stockstowatch #sharemarketindia #Madhavipl #investing
Finance	2023-01-30	1AR POSOTIONAL BUY EMAMILTD BETWEEN 440-443 SL 425 TARGET 470 #posotionaltrading #stockmarkets #share #Target
Finance	2023-01-30	#BreakingNews :- #Adani's $2.5 billion share sale faces #crucial day after rout #Seven listed companies #belonging to the #Adani conglomerate, which is led by #Asia's richest man, saw sharp falls in their #values. #stock #share #nse #bse #sell #buy #index #bank #banknifty
Finance	2023-01-30	#PennyStock Madhav Infra Projects Ltd - keep an eye #NSE #BSE #Nifty50 #DalalStreet #Share #sharemarket #stocks #StockMarket #StocksToBuy #StockMarketindia #stockstowatch #stocks #ALERT #pennystocks #nseindia #StockMarkets #stockstowatch #sharemarketindia #Madhavipl #investing
Finance	2023-01-30	Dear #writerscommunity, #writerslift and #readingcommunity! Its Sunday night ! Lets have a late night #lift! #writers/#readers lift that is! Share your #books, #blogs, #podcasts, #webcasts #support #follow and #share! Heres to us night !
Finance	2023-01-30	@sagaermajithia @elonmusk @TwitterSupport I've #thought long and hard about that #problem, Sagaer, it's why, I believe, the best way to #overcome it is by offering #lots of #services which will #share the #cost to #build out (or #buy) to make it happen. It would be #fun.
Finance	2023-01-30	1AR POSOTIONAL BUY EMAMILTD BETWEEN 440-443 SL 425 TARGET 470 #posotionaltrading #stockmarkets #share #Target
Finance	2023-01-30	2) #Share of central excise duty in total tobacco taxes decreases from pre-GST at 54% to post-GST at 8% only. 3) #inflation indexing for tax rates applied on tobacco products not done accurately
Finance	2023-01-30	Streaming tomorrow at 8 am. See yall then. #SupportSmallStreamers #twitchstreamer #gaming #follow #share #PlayStation #MW2 #Fortnite #ApexLedgends #twitch
Finance	2023-01-30	"#Focus - ; ""Success is focusing the full power of all you are on what you have a burning desire to achieve."" - Wilferd A. Peterson #quote #share"
Finance	2023-01-30	#fight #girlfights #funny #share #followme #squareup #squabbleup #hoodfights #dragged #beattfup #knockout #ghetto #fighting #streetfights #terriblequality #Speakerofthehouse #Imaooo Maturity is when you realise hasna aur khush hona different cheezein hai
Finance	2023-01-30	We can use the #stoploss on the selection of companies that we are going to choose for #investing our money instead of putting a stoploss on #stock price We are in #StockMarketindia to make money.
Finance	2023-01-30	#BreakingNews :- #Adani's $2.5 billion share sale faces #crucial day after rout #Seven listed companies #belonging to the #Adani conglomerate, which is led by #Asia's richest man, saw sharp falls in their #values. #stock #share #nse #bse #sell #buy #index #bank #banknifty
Finance	2023-01-30	#paid_level :- INDEX OPTION: BUY #NIFTYBANK 39600 PE 2ND FEB ABOVE 320,SL 250,T1 380,T2 440 INDEX OPTION FOLLOWUP: 1ST TGT HIT IN #NIFTYBANK 39600 PE 2ND FEB,BOOK PROFIT #stock #share #nse #bse #sell #buy #index #bank #banknifty #nifty #loss
Finance	2023-01-30	Youtube ; ; Drakula Da Don #Subscribe #Share #Like
Finance	2023-01-30	#OPENING BELL:- #NIFTY OPEN- 17541.95 ,-62.40 POINTS DOWN #BANKNIFTY OPEN-39856.15 ,-489.15 POINTS DOWN #SENSEX OPEN- 59101.69 , -229.91 POINTS DOWN #stock #share #nse #bse #sell #buy #index #bank #banknifty #nifty #loss
Finance	2023-01-30	im looking for 2 new brand ambassadors for makeup -free full faces -must be active on social media &amp; promote daily -must be able to let me do freestyles and etc #share
Finance	2023-01-30	Opening Bell Bank Nifty on 30 Jan 2023 ? #banknifty #BankNiftyOptions #BANKNIFTYFUTURE #banking #bank #StockMarketindia #stock
Finance	2023-01-30	@AmNohbdy @AppleTV In terms of credit matters I am positive @AppleTVPlus do better #share business than #Netflix in S.Korea where @ActorLeeMinHo is based on.
Finance	2023-01-30	#WORLD MARKET UPDATE:- #NASDAQ-11,621.71 ,+109.30; #DOWJONES-33,978.08 ,+28.67; #HANGSENG-22,415.95 ,-272.95; #NIKKEI- 27,450.05 ,+67.49; #SGXNIFTY-17,670.00 ,-19.50; #USDINR-81.54 ; #stock #share #nse #bse #sell #buy #index #bank #banknifty #nifty #loss
Finance	2023-01-30	#NewsUpdate :- #Sensex, Nifty underperform global equity indices in January Both #Sensex and #Nifty have declined 2 percent each in #January so far. Major equity #markets started gaining since the #start of this #year. #stock #share #nse #bse #sell #buy #index #bank #banknifty
Finance	2023-01-30	So speaking of coincidences, SEPA transfers from Binance and Cryptocom no longer work, but they were provided by the Revolut, which is also involved in several scandals and so on. #binance #cryptocom #revolut #sepa #crypto #usdt #stablecoins #bank #cryptonomy #migration
EVs	2023-01-30	@spotted_model Pure propaganda! We all know that batteries dont work in the cold - thats why weve found no archeological evidence of #evs from the last ice age!!
Telecom	2023-01-30	If you want to access your Boyfriend/Girlfriend Chats for any social media Inbox I'm available 24/7 for all hacking services #hacked #Hackingtime #snapchat #Twitter #instagram #AWS #5G #9News
Telecom	2023-01-30	If your Roblox got Hacked inbox now for guide on how to recover your Account #hacked #Roblox #5G #Hackingtime #xbox.
Telecom	2023-01-30	@KPDN_HQ Call dropping and poor quality is obvious lately but the fee charge never less or discounted. Better warn them and start To check the root cause of problems. #5G #jendela
Telecom	2023-01-30	I retrieve all Hacked Snapchat inbox now for guide on how to recover your Account #hacking #snapchatdown #5G #icloud #snapchat
Telecom	2023-01-30	If your Roblox got Hacked inbox now for guide on how to recover your Account #hacked #Roblox #5G #Hackingtime #stolencoins #snapchat #hackedwallet #hackedusdt
Telecom	2023-01-30	@Khulood_Almani Great explanation! TY for sharing and the inclusion dear @Khulood_Almani #Fintech #Tech #AI #NFTs #cryptocurrency #Finserv #ETH #Digital #DataScience #BigData #Analytics #innovation #digital #WomenInSTEM #TensorFlow #Cloud #coding #100DaysOfCode #Twitme #5G #NodeJS
Telecom	2023-01-30	Recover All Hacked Snapchat Inboxes Now, Get Guide On How To Recover Your Account #hacking #snapchatdown #5G #icloud #SnapChat
Telecom	2023-01-30	If your Roblox got Hacked inbox now for guide on how to recover your Account #hacked #Roblox #5G #Hackingtime #xbox
Telecom	2023-01-30	Recover All Hacked Snapchat Inboxes Now, Get Guide On How To Recover Your Account #hacking #snapchatdown #5G #icloud #SnapChat
Telecom	2023-01-30	If your Roblox got Hacked inbox now for guide on how to recover your Account #hacked #Roblox #5G #Hackingtime #xbox
Telecom	2023-01-30	If your Roblox got Hacked inbox now for guide on how to recover your Account #hacked #Roblox #5G #Hackingtime!
Telecom	2023-01-30	I retrieve all Hacked Snapchat inbox now for guide on how to recover your Account #hacking #snapchatdown #5G #icloud #snapchat!
Telecom	2023-01-30	RT @antgrasso: 30+ things #5G mobile devices
Telecom	2023-01-30	If you want to access your Boyfriend/Girlfriend Chats for any social media Inbox I'm available 24/7 for all hacking services #hacked #Hackingtime #snapchat #Twitter #instagram #AWS #5G #9News
Telecom	2023-01-30	If your Roblox got Hacked inbox now for guide on how to recover your Account #hacked #Roblox #5G #Hackingtime #xbox.
Telecom	2023-01-30	@KPDN_HQ Call dropping and poor quality is obvious lately but the fee charge never less or discounted. Better warn them and start To check the root cause of problems. #5G #jendela
Telecom	2023-01-30	I retrieve all Hacked Snapchat inbox now for guide on how to recover your Account #hacking #snapchatdown #5G #icloud #snapchat
Telecom	2023-01-30	If your Roblox got Hacked inbox now for guide on how to recover your Account #hacked #Roblox #5G #Hackingtime #stolencoins #snapchat #hackedwallet #hackedusdt
Telecom	2023-01-30	@Khulood_Almani Great explanation! TY for sharing and the inclusion dear @Khulood_Almani #Fintech #Tech #AI #NFTs #cryptocurrency #Finserv #ETH #Digital #DataScience #BigData #Analytics #innovation #digital #WomenInSTEM #TensorFlow #Cloud #coding #100DaysOfCode #Twitme #5G #NodeJS
Telecom	2023-01-30	Recover All Hacked Snapchat Inboxes Now, Get Guide On How To Recover Your Account #hacking #snapchatdown #5G #icloud #SnapChat
Telecom	2023-01-30	If your Roblox got Hacked inbox now for guide on how to recover your Account #hacked #Roblox #5G #Hackingtime #xbox
Telecom	2023-01-30	Recover All Hacked Snapchat Inboxes Now, Get Guide On How To Recover Your Account #hacking #snapchatdown #5G #icloud #SnapChat
Telecom	2023-01-30	If your Roblox got Hacked inbox now for guide on how to recover your Account #hacked #Roblox #5G #Hackingtime #xbox
Telecom	2023-01-30	If your Roblox got Hacked inbox now for guide on how to recover your Account #hacked #Roblox #5G #Hackingtime!
Telecom	2023-01-30	I retrieve all Hacked Snapchat inbox now for guide on how to recover your Account #hacking #snapchatdown #5G #icloud #snapchat!
Telecom	2023-01-30	RT @antgrasso: 30+ things #5G mobile devices
Telecom	2023-01-30	If you want to access your Boyfriend/Girlfriend Chats for any social media Inbox I'm available 24/7 for all hacking services #hacked #Hackingtime #snapchat #Twitter #instagram #AWS #5G #9News
Telecom	2023-01-30	If your Roblox got Hacked inbox now for guide on how to recover your Account #hacked #Roblox #5G #Hackingtime #xbox.
Telecom	2023-01-30	@KPDN_HQ Call dropping and poor quality is obvious lately but the fee charge never less or discounted. Better warn them and start To check the root cause of problems. #5G #jendela
Telecom	2023-01-30	I retrieve all Hacked Snapchat inbox now for guide on how to recover your Account #hacking #snapchatdown #5G #icloud #snapchat
Telecom	2023-01-30	If your Roblox got Hacked inbox now for guide on how to recover your Account #hacked #Roblox #5G #Hackingtime #stolencoins #snapchat #hackedwallet #hackedusdt
Telecom	2023-01-30	@Khulood_Almani Great explanation! TY for sharing and the inclusion dear @Khulood_Almani #Fintech #Tech #AI #NFTs #cryptocurrency #Finserv #ETH #Digital #DataScience #BigData #Analytics #innovation #digital #WomenInSTEM #TensorFlow #Cloud #coding #100DaysOfCode #Twitme #5G #NodeJS
Telecom	2023-01-30	Recover All Hacked Snapchat Inboxes Now, Get Guide On How To Recover Your Account #hacking #snapchatdown #5G #icloud #SnapChat
Telecom	2023-01-30	If your Roblox got Hacked inbox now for guide on how to recover your Account #hacked #Roblox #5G #Hackingtime #xbox
Telecom	2023-01-30	Recover All Hacked Snapchat Inboxes Now, Get Guide On How To Recover Your Account #hacking #snapchatdown #5G #icloud #SnapChat
Telecom	2023-01-30	If your Roblox got Hacked inbox now for guide on how to recover your Account #hacked #Roblox #5G #Hackingtime #xbox
Telecom	2023-01-30	If your Roblox got Hacked inbox now for guide on how to recover your Account #hacked #Roblox #5G #Hackingtime!
Telecom	2023-01-30	I retrieve all Hacked Snapchat inbox now for guide on how to recover your Account #hacking #snapchatdown #5G #icloud #snapchat!
Telecom	2023-01-30	RT @antgrasso: 30+ things #5G mobile devices
Tech	2023-01-30	Cat #159813 Sold for 350 AMB ($0) Buyer: 0xd34d44ab3303f768de74c6a8b75e8523cc1ffb3a Congratulations TxHash:0xb5bb46cdc005cae6a3b7fda9463ea00553872507362c771951188ed186dfb5e9 #Binemon #Apple #BIN #Gamefi #Memes
Tech	2023-01-30	2023 will we get to see any stock split for these stocks. Do share your views. #Nvidia #Tesla #Apple #Microsoft #Sea #Meta
Tech	2023-01-30	@SaitamaGreece #Saitama is going through a huge update with the introduction of #SaitaCard on #UseSaitaPro and #Apple Pay. At the same time @kleingabriel has release the second batch of #NFTs for #SaitaCity. Both Projects are been run amazingly and with every utility added, will both moon.
Tech	2023-01-30	@TantoNomini #Apple #APPL $APPL #HEX $HEX #innovation #investors #growthhacking #Crypto
Tech	2023-01-30	@ImagineApplePR 4. Right To Life And Liberty #Apple #Tresor #Imagine #ContestAlert #RepublicDayContest @ImagineApplePR tag @Smiley_Bharati @amitkk001 @KajolSaxena7 @anuj121 @tripanju17 @002_laksh
Tech	2023-01-30	CocoaPods is cool #Apple #Xcode #iOS #iPadOS #UX #Design
Tech	2023-01-30	@adrianlica20 Get the job done. I mean it is #apple ! Sick keyboard btw
Tech	2023-01-30	Twitter app not allowing login on iPhone. #TwitterDown Hopefully this gets resolved soon. #Apple Is Anyone else having this technical difficulty?
Tech	2023-01-30	@zollotech If the price could get lower for the base models that would be great! Coz I don't think in a million years that #Apple would put a higher refresh rate to those models.
Tech	2023-01-30	Cat #159813 Sold for 350 AMB ($0) Buyer: 0xd34d44ab3303f768de74c6a8b75e8523cc1ffb3a Congratulations TxHash:0xb5bb46cdc005cae6a3b7fda9463ea00553872507362c771951188ed186dfb5e9 #Binemon #Apple #BIN #Gamefi #Memes
Tech	2023-01-30	2023 will we get to see any stock split for these stocks. Do share your views. #Nvidia #Tesla #Apple #Microsoft #Sea #Meta
Tech	2023-01-30	@SaitamaGreece #Saitama is going through a huge update with the introduction of #SaitaCard on #UseSaitaPro and #Apple Pay. At the same time @kleingabriel has release the second batch of #NFTs for #SaitaCity. Both Projects are been run amazingly and with every utility added, will both moon.
Tech	2023-01-30	@TantoNomini #Apple #APPL $APPL #HEX $HEX #innovation #investors #growthhacking #Crypto
Tech	2023-01-30	@ImagineApplePR 4. Right To Life And Liberty #Apple #Tresor #Imagine #ContestAlert #RepublicDayContest @ImagineApplePR tag @Smiley_Bharati @amitkk001 @KajolSaxena7 @anuj121 @tripanju17 @002_laksh
Tech	2023-01-30	CocoaPods is cool #Apple #Xcode #iOS #iPadOS #UX #Design
Tech	2023-01-30	@adrianlica20 Get the job done. I mean it is #apple ! Sick keyboard btw
Tech	2023-01-30	Twitter app not allowing login on iPhone. #TwitterDown Hopefully this gets resolved soon. #Apple Is Anyone else having this technical difficulty?
Tech	2023-01-30	@zollotech If the price could get lower for the base models that would be great! Coz I don't think in a million years that #Apple would put a higher refresh rate to those models.
Tech	2023-01-30	#nowplaying on Mintwave Radio Gramophonedzie - Why Don't You #alexa #streema #Scotland #echo #global #uk #instagram #tiktok #twitter #facebook #linkedin #podcasts #radio #usa #Finland #germany #Belgium #australia #newzealand #southafrica #canada
Tech	2023-01-30	Offering the best recovery services. And media accounts hacking, Infiltration, and recovery. #hackedinstagram #TwitterDown #lockedaccount #metamask #ransomware #gmailhack #gmaildown #hacked #Hacking #hackaccount #Facebook #hacked #coinbasesupport #walletphrase #Buildurluve
Tech	2023-01-30	Cat #159813 Sold for 350 AMB ($0) Buyer: 0xd34d44ab3303f768de74c6a8b75e8523cc1ffb3a Congratulations TxHash:0xb5bb46cdc005cae6a3b7fda9463ea00553872507362c771951188ed186dfb5e9 #Binemon #Apple #BIN #Gamefi #Memes
Tech	2023-01-30	2023 will we get to see any stock split for these stocks. Do share your views. #Nvidia #Tesla #Apple #Microsoft #Sea #Meta
Tech	2023-01-30	@SaitamaGreece #Saitama is going through a huge update with the introduction of #SaitaCard on #UseSaitaPro and #Apple Pay. At the same time @kleingabriel has release the second batch of #NFTs for #SaitaCity. Both Projects are been run amazingly and with every utility added, will both moon.
Tech	2023-01-30	@TantoNomini #Apple #APPL $APPL #HEX $HEX #innovation #investors #growthhacking #Crypto
Tech	2023-01-30	@ImagineApplePR 4. Right To Life And Liberty #Apple #Tresor #Imagine #ContestAlert #RepublicDayContest @ImagineApplePR tag @Smiley_Bharati @amitkk001 @KajolSaxena7 @anuj121 @tripanju17 @002_laksh
Tech	2023-01-30	CocoaPods is cool #Apple #Xcode #iOS #iPadOS #UX #Design
Tech	2023-01-30	@adrianlica20 Get the job done. I mean it is #apple ! Sick keyboard btw
Tech	2023-01-30	Twitter app not allowing login on iPhone. #TwitterDown Hopefully this gets resolved soon. #Apple Is Anyone else having this technical difficulty?
Tech	2023-01-30	@zollotech If the price could get lower for the base models that would be great! Coz I don't think in a million years that #Apple would put a higher refresh rate to those models.
Tech	2023-01-30	#nowplaying on Mintwave Radio Gramophonedzie - Why Don't You #alexa #streema #Scotland #echo #global #uk #instagram #tiktok #twitter #facebook #linkedin #podcasts #radio #usa #Finland #germany #Belgium #australia #newzealand #southafrica #canada
Tech	2023-01-30	"@sundarpichai See below,very sad as oneside hike in salary &amp; otherside layoffs. #Pichai received a massive hike in salary a few weeks before Google announced layoffs. Recognising Pichais ""strong performance"" as CEO, #Googles parent company #Alphabet,had raised Pichai's salary."
Tech	2023-01-30	Offering the best recovery services. And media accounts hacking, Infiltration, and recovery. #hackedinstagram #TwitterDown #lockedaccount #metamask #ransomware #gmailhack #gmaildown #hacked #Hacking #hackaccount #Facebook #hacked #coinbasesupport #walletphrase #Buildurluve
Tech	2023-01-30	Cat #159813 Sold for 350 AMB ($0) Buyer: 0xd34d44ab3303f768de74c6a8b75e8523cc1ffb3a Congratulations TxHash:0xb5bb46cdc005cae6a3b7fda9463ea00553872507362c771951188ed186dfb5e9 #Binemon #Apple #BIN #Gamefi #Memes
Tech	2023-01-30	2023 will we get to see any stock split for these stocks. Do share your views. #Nvidia #Tesla #Apple #Microsoft #Sea #Meta
Tech	2023-01-30	@SaitamaGreece #Saitama is going through a huge update with the introduction of #SaitaCard on #UseSaitaPro and #Apple Pay. At the same time @kleingabriel has release the second batch of #NFTs for #SaitaCity. Both Projects are been run amazingly and with every utility added, will both moon.
Tech	2023-01-30	@TantoNomini #Apple #APPL $APPL #HEX $HEX #innovation #investors #growthhacking #Crypto
Tech	2023-01-30	@ImagineApplePR 4. Right To Life And Liberty #Apple #Tresor #Imagine #ContestAlert #RepublicDayContest @ImagineApplePR tag @Smiley_Bharati @amitkk001 @KajolSaxena7 @anuj121 @tripanju17 @002_laksh
Tech	2023-01-30	CocoaPods is cool #Apple #Xcode #iOS #iPadOS #UX #Design
Tech	2023-01-30	@adrianlica20 Get the job done. I mean it is #apple ! Sick keyboard btw
Tech	2023-01-30	Twitter app not allowing login on iPhone. #TwitterDown Hopefully this gets resolved soon. #Apple Is Anyone else having this technical difficulty?
Tech	2023-01-30	@zollotech If the price could get lower for the base models that would be great! Coz I don't think in a million years that #Apple would put a higher refresh rate to those models.
Tech	2023-01-30	#nowplaying on Mintwave Radio Gramophonedzie - Why Don't You #alexa #streema #Scotland #echo #global #uk #instagram #tiktok #twitter #facebook #linkedin #podcasts #radio #usa #Finland #germany #Belgium #australia #newzealand #southafrica #canada
Tech	2023-01-30	"@sundarpichai See below,very sad as oneside hike in salary &amp; otherside layoffs. #Pichai received a massive hike in salary a few weeks before Google announced layoffs. Recognising Pichais ""strong performance"" as CEO, #Googles parent company #Alphabet,had raised Pichai's salary."
Tech	2023-01-30	Hey @amazon pls 2 chk order #113-1204020-9238652 where Ive chatted with 4 reps, spoken to 2 reps and 1 manager ALL waiting for a gift return that was mailed on 1/5. please have a conversation with the system yall keep chkng &amp; get me out #amazon jail &amp; so I can buy something!
Tech	2023-01-30	Offering the best recovery services. And media accounts hacking, Infiltration, and recovery. #hackedinstagram #TwitterDown #lockedaccount #metamask #ransomware #gmailhack #gmaildown #hacked #Hacking #hackaccount #Facebook #hacked #coinbasesupport #walletphrase #Buildurluve
